rut;hito1;hito2;hito3;hito4;exitosos;fallidos;envios;e1;e2;e3;e4;programa;sol1;sol2;sol3;sol4;tarea1;tarea2;controles;np;examen;final;estado
5;0;0;0;0;0;0;0;;;;;INGENIERIA EN COMPUTACION E INFORMATICA;1;1;1;1;1;1;1;1;1;1;R
7;0;0;0;0;0;0;0;;;;;INGENIERIA CIVIL INDUSTRIAL;1;1;1;1;1;1;1;1;1;1;R
16;0;0;0;0;0;0;0;;;;;INGENIERIA INDUSTRIAL;1;1;1;1;1;1;1;1;1;1;R
44;0;0;0;0;0;0;0;;;;;INGENIERIA CIVIL INDUSTRIAL;1;1;1;1;1;1;1;1;1;1;R
103;0;0;0;0;0;0;0;;;;;INGENIERIA EN COMPUTACION E INFORMATICA;1;1;1;1;1;1;1;1;1;1;R
122;0;0;0;0;0;15;15;;;;;INGENIERIA EN COMPUTACION E INFORMATICA;1;1;1;1;1;1;1;1;1;1;R
212;0;0;0;0;0;0;0;;;;;INGENIERIA CIVIL INFORMATICA;1;1;1;1;1.4;1;1.6;1.12;1;1.1;R
12;9;0;0;0;12;12;24;:25:17:4:26:29:22;;;;INGENIERIA CIVIL INDUSTRIAL;5.2;1;1;1;1;1;1;1.52;1;1.4;R
274;0;0;0;0;0;0;0;;;;;INGENIERIA EN COMPUTACION E INFORMATICA;3.6;2.2;1;2.3;1;1;1;1.63;1;1.4;R
439;0;0;0;0;0;0;0;;;;;INGENIERIA INDUSTRIAL;5;1;1;1;1;1;1;1.5;1;1.4;R
148;0;0;0;0;0;16;16;;;;;INGENIERIA INDUSTRIAL;4.6;1;1;2.2;1;1;1.6;1.66;1;1.5;R
260;1;0;0;0;1;15;16;:25;;;;INGENIERIA CIVIL INFORMATICA;3.6;1.9;1;1.9;1;1;1.6;1.61;1.4;1.5;R
131;3;0;0;0;3;36;39;:25:17:4;;;;INGENIERIA EN COMPUTACION E INFORMATICA;4.4;1;1;4.4;1;1;1;1.85;1;1.6;R
356;0;0;0;0;0;0;0;;;;;INGENIERIA EN COMPUTACION E INFORMATICA;4;2;2.5;2.8;1;1;1;1.91;1;1.6;R
446;0;0;0;0;7;32;39;;;;;INGENIERIA EN COMPUTACION E INFORMATICA;4.2;1;1;4.2;1;1;1;1.8;1;1.6;R
196;3;0;0;0;3;13;16;:25:17:4;;;;INGENIERIA CIVIL INFORMATICA;4.6;4.7;1;3.4;1;1;1.9;2.3;1;1.9;R
278;0;0;0;0;0;16;16;;;;;INGENIERIA CIVIL INFORMATICA;1;6.1;1;2.7;1.3;1;1.6;1.95;1.9;1.9;R
323;0;0;0;0;0;0;0;;;;;INGENIERIA EN COMPUTACION E INFORMATICA;4.2;1;2.9;2.7;1;1;1.6;1.91;2;1.9;R
51;1;0;0;0;1;23;24;:25;;;;INGENIERIA INDUSTRIAL;4.6;2.1;1;2.6;4.1;1;2.1;2.36;1;2;R
166;0;0;0;0;0;0;0;;;;;INGENIERIA EN COMPUTACION E INFORMATICA;4.3;1;1;2.1;6.9;1;1;2.43;1;2;R
81;0;0;0;0;0;24;24;;;;;INGENIERIA INDUSTRIAL;5;5.3;1;3.8;1;1;3;2.58;1;2.1;R
266;0;0;0;0;0;16;16;;;;;INGENIERIA EN COMPUTACION E INFORMATICA;2.8;1;1;1.6;7;1;1;2.2;1.7;2.1;R
381;20;4;0;0;14;17;31;:25:17:4:26:29:0:3:42:32:13:35;:6:44:37;;;INGENIERIA EN COMPUTACION E INFORMATICA;2;2.4;2.1;2.1;1;1;6.7;2.14;2.1;2.1;R
134;0;0;0;0;0;16;16;;;;;INGENIERIA EN COMPUTACION E INFORMATICA;4.6;1;3.8;3.1;6.5;1;1;2.88;1;2.3;R
140;12;0;0;0;8;16;24;:25:17:4:26:29:0:22:10;;;;INGENIERIA CIVIL INFORMATICA;4.2;5.6;1;3.6;1;1;7;2.9;1;2.3;R
155;10;0;0;0;7;17;24;:25:17:4:26:29:22:10;;;;INGENIERIA CIVIL INDUSTRIAL;3.8;4.1;2.4;3.4;1;1;4;2.51;1.8;2.3;R
41;3;0;0;0;3;13;16;:25:17:4;;;;INGENIERIA INDUSTRIAL;6.6;4.1;3.7;4.8;1;1;2.7;3.07;1;2.4;R
222;3;0;0;0;3;13;16;:25:17:4;;;;INGENIERIA EN COMPUTACION E INFORMATICA;6.8;5.5;2;4.8;1;1;1.9;2.97;1;2.4;R
225;0;0;0;0;0;16;16;;;;;INGENIERIA CIVIL INFORMATICA;4.4;2.5;1;2.6;1;6;1;3.06;1;2.4;R
386;11;0;0;0;7;17;24;:25:17:4:26:29:0:22;;;;INGENIERIA CIVIL INDUSTRIAL;1;2.4;1;1.5;1;7;4;3.03;1;2.4;R
157;2;0;0;0;8;16;24;:25:17;;;;INGENIERIA EN COMPUTACION E INFORMATICA;6.4;5.9;2.9;5.1;1;1;1.6;3.09;1;2.5;R
450;9;0;0;0;6;33;39;:25:17:26:29:0:10;;;;INGENIERIA EN COMPUTACION E INFORMATICA;6;6.4;3.1;5.2;1;1;3.7;3.35;1;2.6;R
414;12;7;0;0;13;18;31;:25:4:26:29:0:22:10:3;:6:1:44:37:28;;;INGENIERIA CIVIL INDUSTRIAL;6;2.1;5.7;4.6;1;1;6.7;3.37;1;2.7;R
177;10;0;0;0;7;9;16;:25:17:4:26:29:22:10;;;;INGENIERIA EN COMPUTACION E INFORMATICA;4.4;5.1;5;4.8;2;2.1;4;3.63;1;2.8;R
203;5;0;0;0;11;13;24;:25:17:4:26;;;;INGENIERIA CIVIL INDUSTRIAL;4.5;6;3.1;4.5;1;1;1.7;2.83;2.8;2.8;R
338;2;2;0;0;4;27;31;:25:17;:6:44;;;INGENIERIA CIVIL INFORMATICA;5.1;4.9;4.4;4.4;1;1;2.5;3;2.8;2.9;R
231;0;0;0;0;0;16;16;;;;;INGENIERIA EN COMPUTACION E INFORMATICA;4.8;5.6;3.5;4.6;5.5;1;1;3.48;3;3.3;R
261;4;0;0;0;3;13;16;:17:4:22;;;;INGENIERIA EN COMPUTACION E INFORMATICA;4.8;5.8;6.2;5.6;1;4.7;2.2;4.34;1;3.3;R
28;8;0;0;0;6;10;16;:25:17:4:26:29:23;;;;INGENIERIA EN COMPUTACION E INFORMATICA;6.3;6.3;1;2.8;4.5;1;4.2;3.39;3.4;3.4;R
302;21;6;0;0;14;17;31;:25:17:4:26:29:0:22:32:13:18:35;:9:2:33;;;INGENIERIA CIVIL INDUSTRIAL;5.6;4.1;2.9;4.2;1;1;7;3.2;4;3.4;R
321;0;0;0;0;0;0;0;;;;;INGENIERIA EN COMPUTACION E INFORMATICA;5.7;5.4;3.7;4.9;1;1;1;2.96;4.4;3.4;R
343;3;0;0;0;3;13;16;:25:17:4;;;;INGENIERIA EN COMPUTACION E INFORMATICA;4.4;4.4;3.6;4.1;1;1;1.9;2.65;5;3.4;R
96;19;0;0;0;13;3;16;:25:17:4:26:29:23:0:22:10:3:7:32:18;;;;INGENIERIA INDUSTRIAL;5.4;5.4;4;4.9;1;1;7;3.56;3.2;3.5;R
99;13;3;0;0;12;19;31;:25:17:4:26:29:10:3:18:35;:6:1:44;;;INGENIERIA CIVIL INFORMATICA;6.1;4.5;5.1;5.2;1;1;5.8;3.59;3.4;3.5;R
232;13;0;0;0;15;24;39;:25:17:4:26:29:23:0:22:10;;;;INGENIERIA EN COMPUTACION E INFORMATICA;4.4;6.5;3;4.6;3.5;5.1;4.9;4.6;1.4;3.6;R
206;0;0;0;0;0;16;16;;;;;INGENIERIA CIVIL INDUSTRIAL;6.4;5.9;6.7;6.3;1;1;1;3.66;3.8;3.7;R
423;14;1;0;0;9;22;31;:17:4:26:29:23:3:32:13;:44;;;INGENIERIA CIVIL INFORMATICA;4;3.8;3.2;3.7;1;6;5.5;4.03;2.8;3.7;R
85;20;6;0;0;18;13;31;:25:17:4:26:29:23:0:22:10:3:42:32:18;:6:1:44:28:38;;;INGENIERIA CIVIL INFORMATICA;5.8;6.4;5;5.7;1;1;7;3.96;3.4;3.8;R
263;21;6;0;0;17;14;31;:25:4:26:29:23:0:22:10:3:42:32:18:35;:6:44:37:28;;;INGENIERIA EN COMPUTACION E INFORMATICA;4.9;5.3;3;4.4;5.5;1;6.7;3.94;3.6;3.8;R
105;20;2;0;0;15;24;39;:25:17:4:26:29:23:0:22:10:3:42:18:35;:6:44;;;INGENIERIA EN COMPUTACION E INFORMATICA;4.6;5.9;3.5;4.7;1;1;7;3.43;5.3;4;A
173;0;0;0;0;0;31;31;;;;;INGENIERIA INDUSTRIAL;3.6;4;4.6;4.6;5.8;4.9;1;4.29;3.4;4;A
200;19;2;0;0;14;17;31;:25:17:4:26:29:23:0:22:10:42:32:18;:1:44;;;INGENIERIA CIVIL INDUSTRIAL;3;6.2;5.9;5;1;1;7;3.61;4.8;4;A
251;20;2;0;0;15;16;31;:25:17:4:26:29:23:0:22:10:3:42:32:35;:1:44;;;INGENIERIA CIVIL INDUSTRIAL;5.5;4.7;6.2;5.5;1;2.2;7;4.13;3.6;4;A
336;27;5;0;0;20;11;31;:25:17:4:26:29:23:0:22:10:3:42:7:32:13:18:35;:6:1:44:37;;;INGENIERIA CIVIL INDUSTRIAL;6.6;5.4;2.8;4.9;1;1;7;3.56;5.1;4;A
400;22;4;0;0;18;21;39;:25:17:4:26:29:23:0:22:10:3:42:32:18:35;:6:1:44:38;;;INGENIERIA CIVIL INDUSTRIAL;5.3;4.2;6.5;5.3;1;1;7;3.76;4.6;4;A
403;22;6;0;0;19;12;31;:25:17:4:26:29:23:0:22:10:3:42:32:18:35;:6:1:44:28:38;;;INGENIERIA CIVIL INFORMATICA;2.2;5.4;6.5;6;6.3;1;5;4.2;3.6;4;A
434;7;0;0;0;5;11;16;:25:17:4:26:29;;;;INGENIERIA CIVIL INFORMATICA;6.6;5.1;6.2;6;1;1;3.1;3.69;4.6;4;A
459;0;5;0;0;4;27;31;;:6:1:44:28;;;INGENIERIA EN COMPUTACION E INFORMATICA;3.6;2.4;5;3.7;3.5;1;2.8;2.89;6.5;4;A
265;14;6;0;0;14;17;31;:25:17:4:26:29:23:22:10:3:42;:6:44:37:28;;;INGENIERIA EN COMPUTACION E INFORMATICA;4.8;5.6;4.7;2.9;1.4;1;7;3.41;5.7;4.1;A
3;1;0;0;0;7;17;24;:25;;;;INGENIERIA CIVIL INDUSTRIAL;3.9;4.7;3.7;4.1;3;1;3.7;3.12;6.6;4.2;A
38;18;3;0;0;14;17;31;:25:17:26:29:23:0:22:3:42:32:18;:6:1:44;;;INGENIERIA CIVIL INDUSTRIAL;6.2;6.2;6.4;6.3;3.9;1;7;4.67;3.2;4.2;A
226;16;5;0;0;14;17;31;:25:17:4:26:29:23:22:10:3:32:35;:6:37:28;;;INGENIERIA EN COMPUTACION E INFORMATICA;5.3;6.2;4.7;5.4;1;1;7;3.8;5.2;4.2;A
272;5;0;0;0;11;13;24;:25:17:4:26;;;;INGENIERIA CIVIL INFORMATICA;5.6;6.4;6.1;6;3.1;1;2.3;3.95;4.8;4.2;A
275;13;2;0;0;10;21;31;:23:0:3:42:7:32:18:35;:1:44;;;INGENIERIA EN COMPUTACION E INFORMATICA;5.6;3;4.2;4.3;4.6;1;5.5;3.62;5.6;4.2;A
354;23;0;0;0;13;18;31;:25:17:4:26:29:0:22:10:7:32:13:18:35;;;;INGENIERIA EN COMPUTACION E INFORMATICA;6;4.9;4.6;5.2;6;1;7;4.43;3.6;4.2;A
448;13;4;0;0;13;26;39;:25:17:4:26:29:23:0:22:10;:1:44:28;;;INGENIERIA CIVIL INDUSTRIAL;5.8;5.2;4.8;5.3;1;1;6.1;3.64;5.4;4.2;A
180;19;1;0;0;13;18;31;:25:17:4:29:23:0:22:10:42:32:18:35;:6;;;INGENIERIA CIVIL INDUSTRIAL;5;4.2;5.8;5;1;1;7;3.6;6;4.3;A
197;27;8;0;0;22;9;31;:25:17:4:26:29:23:0:22:10:3:42:7:32:13:18:35;:6:1:44:37:28:38;;;INGENIERIA CIVIL INDUSTRIAL;5;5.6;6;5.5;1;1;7;3.86;5.4;4.3;A
208;22;4;0;0;17;22;39;:25:17:4:26:29:23:0:22:10:3:42:32:18:35;:1:44:28;;;INGENIERIA EN COMPUTACION E INFORMATICA;6.2;6.2;5.4;5.9;1;1;7;4.06;5;4.3;A
234;24;2;0;0;15;16;31;:25:17:4:26:29:23:0:22:10:3:32:13:18:35;:28;;;INGENIERIA CIVIL INDUSTRIAL;5.2;4.7;4.2;4.7;5;1;7;4.05;5;4.3;A
282;6;0;0;0;5;34;39;:25:17:4:3:18;;;;INGENIERIA CIVIL INDUSTRIAL;6.2;5.2;4.6;5.3;1;1;2.8;3.34;6.4;4.3;A
334;11;4;0;0;12;19;31;:17:4:23:10:3:42:32:18;:6:1:44:38;;;INGENIERIA CIVIL INDUSTRIAL;6;4.4;6.2;5.5;1;2.2;4.9;3.95;5.2;4.3;A
390;18;3;0;0;15;16;31;:25:17:4:26:29:23:0:22:10:3:42:18;:6:1:44;;;INGENIERIA CIVIL INDUSTRIAL;7;4.9;6;6;2.5;1;7;4.31;4.4;4.3;A
104;9;0;0;0;6;10;16;:25:17:4:26:29:0;;;;INGENIERIA EN COMPUTACION E INFORMATICA;6.5;1;3.7;3.7;6.2;1;3.7;3.41;6.6;4.4;A
106;15;5;0;0;12;19;31;:25:17:4:26:29:0:22:42:32;:6:37:28;;;INGENIERIA EN COMPUTACION E INFORMATICA;4.6;6.8;5.3;5.3;6.3;1.3;7;4.72;3.5;4.4;A
193;14;7;0;0;13;18;31;:25:26:0:22:10:42:32:35;:6:1:44:37:28;;;INGENIERIA CIVIL INDUSTRIAL;5.8;6.2;2.4;4.8;1;1;6.4;3.44;6.6;4.4;A
280;0;0;0;0;0;31;31;;;;;INGENIERIA EN COMPUTACION E INFORMATICA;4.2;4;2.5;3.6;6.5;4.6;3.7;4.28;4.6;4.4;A
299;18;2;0;0;11;20;31;:25:17:4:26:23:0:42:32:13:18;:28;;;INGENIERIA EN COMPUTACION E INFORMATICA;4.2;5.8;3.1;3;7;3.8;5.5;4.56;3.9;4.4;A
408;12;5;0;0;12;27;39;:25:4:23:0:3:42:32:18;:6:1:44:37;;;INGENIERIA CIVIL INDUSTRIAL;4.5;5.2;4.8;4.8;6.5;1;7;4.33;4.6;4.4;A
54;0;0;0;0;0;0;0;;;;;INGENIERIA EN COMPUTACION E INFORMATICA;6;5.5;5.7;5.7;1;1;1.7;3.43;7;4.5;A
56;25;3;0;0;18;13;31;:25:17:4:26:29:23:0:22:10:3:42:7:32:13:18;:6:1:44;;;INGENIERIA EN COMPUTACION E INFORMATICA;5.8;4.9;2.9;4.5;4.4;2.6;7;4.27;5.2;4.5;A
112;2;0;0;0;2;45;47;:25:4;;;;INGENIERIA CIVIL INDUSTRIAL;5.8;4;3.6;4.5;6;6.5;1.6;4.92;3.6;4.5;A
123;5;5;0;0;6;25;31;:3:42:35;:44:37:28;;;INGENIERIA CIVIL INDUSTRIAL;4.5;4.6;5.6;4.9;7;1;4;4.15;5.2;4.5;A
142;12;0;0;0;8;23;31;:25:17:4:26:29:0:22:10;;;;INGENIERIA CIVIL INFORMATICA;6.8;5.3;5.5;5.9;6;1;4;4.48;4.4;4.5;A
297;0;0;0;0;0;0;0;;;;;INGENIERIA EN COMPUTACION E INFORMATICA;6;6;6.1;6;6;1;1;4.26;5;4.5;A
320;20;4;0;0;17;14;31;:25:17:4:26:29:23:0:22:10:3:42:32:35;:6:1:44:38;;;INGENIERIA CIVIL INDUSTRIAL;5.4;4.9;5.2;5.2;1.1;4.2;7;4.5;4.6;4.5;A
384;13;5;0;0;13;18;31;:25:17:4:26:29:0:22:10:3;:6:1:44:37;;;INGENIERIA CIVIL INFORMATICA;5.8;7;5.1;6;5.8;1;6.4;4.74;4;4.5;A
438;11;0;0;0;16;23;39;:25:17:4:26:23:3:42:32;;;;INGENIERIA EN COMPUTACION E INFORMATICA;5.9;5.8;5.1;5.6;3.5;2.5;3.5;4.3;5;4.5;A
31;12;1;0;0;9;22;31;:25:17:4:26:29:0:10:18;:1;;;INGENIERIA INDUSTRIAL;7;6.1;5.1;6.1;1;2.8;4.9;4.37;5.2;4.6;A
141;14;1;0;0;9;22;31;:25:17:4:26:3:42:32:13;:44;;;INGENIERIA EN COMPUTACION E INFORMATICA;4.5;6.6;5.8;4.5;6;1;5.5;4.37;5;4.6;A
150;1;0;0;0;1;15;16;:25;;;;INGENIERIA CIVIL INDUSTRIAL;5.8;5.6;6.8;6.1;1;1;1.9;3.62;7;4.6;A
179;19;4;0;0;15;16;31;:25:17:4:26:29:0:22:10:3:42:32:35;:6:44:37;;;INGENIERIA EN COMPUTACION E INFORMATICA;5.9;6.2;5.8;5.9;1.5;1;7;4.15;5.7;4.6;A
195;12;7;0;0;13;18;31;:25:17:4:26:29:0:22:10;:6:1:44:37:28;;;INGENIERIA CIVIL INDUSTRIAL;6.7;5.9;4;5.5;2.5;3.5;6.4;4.65;4.4;4.6;A
218;0;0;0;0;0;0;0;;;;;INGENIERIA EN COMPUTACION E INFORMATICA;5;6;5.9;5.6;6.5;1;1;4.13;5.6;4.6;A
316;23;2;0;0;14;17;31;:25:17:4:26:29:23:0:22:3:42:32:13:35;:37;;;INGENIERIA EN COMPUTACION E INFORMATICA;6.9;6.3;4.7;6;2;2.7;7;4.66;4.6;4.6;A
330;20;0;0;0;11;28;39;:25:4:26:29:23:0:22:3:32:13:18;;;;INGENIERIA CIVIL INDUSTRIAL;5.8;6.2;4.8;5.6;4.5;2.8;7;4.87;4;4.6;A
353;22;5;0;0;18;21;39;:25:17:4:26:29:23:0:22:10:3:42:32:18:35;:6:1:44:37;;;INGENIERIA CIVIL INDUSTRIAL;7;5.6;6.4;6.3;2.5;1;7;4.48;5;4.6;A
369;13;8;0;0;15;16;31;:25:17:4:26:29:23:0:22:10;:6:1:44:37:28:38;;;INGENIERIA CIVIL INDUSTRIAL;6.3;5.5;5;5.6;1;1;7;3.9;6.2;4.6;A
451;13;0;0;0;9;22;31;:25:17:4:26:29:22:10:3:42;;;;INGENIERIA CIVIL INDUSTRIAL;6.9;6.2;6.8;6.6;5.4;1;4.9;4.86;4;4.6;A
2;17;0;0;0;11;20;31;:25:17:4:26:29:23:3:42:32:18:35;;;;INGENIERIA CIVIL INDUSTRIAL;5.6;6;4.5;5.4;5.5;1;4.4;4.2;6;4.7;A
90;22;3;0;0;17;14;31;:25:17:4:26:29:23:0:22:10:3:42:32:18:35;:6:1:44;;;INGENIERIA CIVIL INDUSTRIAL;7;5.8;6.4;6.4;4.8;1;7;4.87;4.4;4.7;A
352;18;5;0;0;16;15;31;:25:17:4:26:29:23:0:22:10:3:42:32;:6:1:44:37;;;INGENIERIA CIVIL INFORMATICA;6.6;6.4;5.7;6.2;1;1;7;4.21;6;4.7;A
372;19;3;0;0;15;16;31;:25:17:4:26:29:22:10:3:42:32:18:35;:6:1:44;;;INGENIERIA CIVIL INDUSTRIAL;6.9;6;5.9;6.3;3.5;1;7;4.61;4.8;4.7;A
422;18;1;0;0;12;27;39;:25:17:4:26:29:23:0:42:32:18:35;:1;;;INGENIERIA CIVIL INDUSTRIAL;5;4;5.8;4.9;3;5;6.7;4.83;4.4;4.7;A
26;20;4;0;0;15;24;39;:25:17:4:26:29:0:22:10:42:32:18:35;:6:44:37;;;INGENIERIA EN COMPUTACION E INFORMATICA;5.6;5.6;6;5.7;1.6;2.6;7;4.45;5.6;4.8;A
29;24;0;0;0;17;22;39;:25:17:4:26:29:23:0:22:10:3:42:32:13:18;;;;INGENIERIA CIVIL INDUSTRIAL;5.5;6.2;5.1;5.6;4.1;3.1;5.2;4.71;5;4.8;A
149;22;1;0;0;22;25;47;:25:17:4:26:29:23:0:22:10:3:32:13:18;:44;;;INGENIERIA CIVIL INDUSTRIAL;4.8;6.2;4.4;5.1;6;1;7;4.41;5.8;4.8;A
233;6;0;0;0;5;11;16;:25:17:4:0:3;;;;INGENIERIA CIVIL INDUSTRIAL;6;5.1;4.1;5.1;6.8;1;2.8;4.08;6.4;4.8;A
242;20;2;0;0;14;17;31;:25:26:29:23:0:22:10:3:42:32:18:35;:1:44;;;INGENIERIA CIVIL INFORMATICA;5.8;6.3;5.5;5.9;1;1;7;4.03;6.6;4.8;A
34;0;0;0;0;0;31;31;;;;;INGENIERIA CIVIL INFORMATICA;6.2;5.5;5.6;5.8;6.6;1;1;4.22;6.4;4.9;A
75;22;2;0;0;16;15;31;:25:17:4:26:29:23:0:22:10:3:42:32:18:35;:1:44;;;INGENIERIA CIVIL INDUSTRIAL;6;5.6;6.4;6;1;3;7;4.6;5.6;4.9;A
84;22;5;0;0;16;15;31;:25:17:4:26:29:0:22:10:3:7:32:13:18;:1:44:11;;;INGENIERIA CIVIL INFORMATICA;6.6;6.4;4.3;5.8;5.9;1;7;4.72;5.2;4.9;A
165;19;1;0;0;13;18;31;:25:17:4:26:23:0:22:10:42:32:18:35;:44;;;INGENIERIA CIVIL INDUSTRIAL;3.8;5.8;6.4;5.3;5.4;2.2;7;4.72;5.4;4.9;A
170;0;0;0;0;0;0;0;;;;;INGENIERIA EN COMPUTACION E INFORMATICA;6.1;6.4;6.2;6.1;1.5;1;7;4.27;6.4;4.9;A
227;0;0;0;0;0;31;31;;;;;INGENIERIA EN COMPUTACION E INFORMATICA;4.8;5.8;4.2;4.9;5.5;4;1;4.38;6;4.9;A
245;12;3;0;0;11;20;31;:25:17:4:26:3:42:18:35;:6:1:44;;;INGENIERIA CIVIL INFORMATICA;6.4;5.2;4.9;4;2;5.9;5.5;4.88;5;4.9;A
293;22;5;0;0;18;13;31;:25:17:4:26:29:23:0:22:10:3:42:32:18:35;:6:1:44:37;;;INGENIERIA CIVIL INDUSTRIAL;6.5;4.8;6.6;6;1;2.8;7;4.53;5.6;4.9;A
348;18;6;0;0;15;16;31;:25:17:4:23:3:42:7:32:13:18:35;:6:44:37:28;;;INGENIERIA EN COMPUTACION E INFORMATICA;4.7;5.7;5;5.1;1;5.7;5.5;4.68;5.4;4.9;A
413;20;2;0;0;15;16;31;:25:17:4:26:29:23:0:22:10:3:42:32:35;:1:44;;;INGENIERIA CIVIL INDUSTRIAL;6.9;5.7;6.5;6.4;1;1;7;4.28;6.4;4.9;A
46;26;6;0;0;26;13;39;:25:17:4:26:29:23:0:22:10:3:42:32:13:18:35;:6:44:37:28;;;INGENIERIA EN COMPUTACION E INFORMATICA;6.4;6.4;5.4;6.1;6.5;1;7;4.96;5;5;A
57;0;0;0;0;0;0;0;;;;;INGENIERIA CIVIL INDUSTRIAL;6.2;7;6.2;6.2;1;6.3;1;5.02;5;5;A
69;0;0;0;0;0;0;0;;;;;INGENIERIA CIVIL INDUSTRIAL;5.2;6;5.8;5.7;3.3;3.3;1;4.25;6.6;5;A
89;27;3;0;0;19;12;31;:25:17:4:26:29:23:0:22:10:3:42:7:32:13:18:35;:6:1:44;;;INGENIERIA EN COMPUTACION E INFORMATICA;6.4;5.9;6.8;6.4;6;1;7;5.03;5;5;A
110;17;4;0;0;15;16;31;:25:17:4:26:29:23:22:10:42:32:18;:6:1:44:38;;;INGENIERIA CIVIL INDUSTRIAL;6.7;6.7;4.2;5.9;7;1;7;4.93;5;5;A
151;0;0;0;0;0;16;16;;;;;INGENIERIA EN COMPUTACION E INFORMATICA;6.6;4.6;3.2;4.8;1;7;7;5;5;5;A
172;16;5;0;0;15;16;31;:25:17:4:26:29:23:22:10:3:42:18;:6:1:44:28;;;BACHILLERATO EN CIENCIAS;7;4.9;5.6;5.8;1;5;6.4;4.95;5;5;A
176;6;3;0;0;7;24;31;:25:17:4:26:3;:1:28;;;INGENIERIA EN COMPUTACION E INFORMATICA;3.8;6.5;6;5.4;6.7;3.7;3.7;5.01;5;5;A
202;14;4;0;0;13;18;31;:25:17:4:29:23:22:10:3:42:35;:6:44:37;;;INGENIERIA EN COMPUTACION E INFORMATICA;6;4.8;5.8;5.8;2.9;4.1;6.4;4.9;5.1;5;A
207;19;3;0;0;15;16;31;:25:17:4:26:29:0:22:10:3:42:32:18;:6:1:44;;;INGENIERIA CIVIL INDUSTRIAL;7;4.9;5.9;5.9;7;1;7;4.96;5;5;A
216;22;3;0;0;17;14;31;:25:17:4:26:29:23:0:22:10:3:42:32:18:35;:6:1:44;;;INGENIERIA CIVIL INDUSTRIAL;5.4;6;5.5;5.6;3.5;3.8;7;4.98;5;5;A
219;17;3;0;0;14;17;31;:25:17:4:26:29:0:22:10:3:42:32;:1:44:38;;;INGENIERIA CIVIL INFORMATICA;6.2;5.3;6;5.8;3.5;3.6;7;5.03;5;5;A
224;19;4;0;0;16;15;31;:25:17:4:26:29:23:0:10:42:32:18:35;:6:1:44:38;;;INGENIERIA CIVIL INDUSTRIAL;6.2;6.5;6.6;6.4;5.3;1;7;4.95;5;5;A
288;22;3;0;0;23;16;39;:25:17:4:26:29:23:0:22:10:3:42:32:18:35;:6:1:44;;;INGENIERIA CIVIL INDUSTRIAL;6.2;6.2;6.6;6.3;5.8;1;7;4.98;5;5;A
292;17;2;0;0;18;21;39;:25:17:4:26:29:0:22:10:3:42:35;:37;;;INGENIERIA EN COMPUTACION E INFORMATICA;5.9;5.7;6.1;5.9;3.5;3.5;6.4;4.99;5;5;A
294;14;2;0;0;10;21;31;:17:4:26:23:22:10:32:13;:6:44;;;INGENIERIA CIVIL INDUSTRIAL;5.8;4.7;4.6;5;1;6.6;6.4;4.95;5;5;A
300;0;0;0;0;7;32;39;;;;;INGENIERIA CIVIL INFORMATICA;5.6;4.5;4.7;4.6;6.2;5;4;5;5.1;5;A
301;14;6;0;0;22;17;39;:25:17:4:26:29:23:0:10:3:42;:6:44:37:28;;;INGENIERIA EN COMPUTACION E INFORMATICA;4.8;6.3;5.6;5.6;3.1;4.3;6.4;4.96;5;5;A
333;19;3;0;0;15;16;31;:25:17:4:26:29:0:22:10:3:42:32:18;:6:1:44;;;INGENIERIA CIVIL INDUSTRIAL;6.9;6.4;6.4;6.6;4.8;1;7;4.95;5;5;A
339;18;5;0;0;16;23;39;:25:17:4:26:29:23:0:22:10:3:42:32;:1:44:37:9;;;INGENIERIA EN COMPUTACION E INFORMATICA;6.7;5.6;5;5.8;1;4.6;7;4.88;5.4;5;A
366;8;7;0;0;10;21;31;:23:3:42:18:35;:6:1:44:37:28;;;INGENIERIA CIVIL INDUSTRIAL;5;6.3;4.2;5.2;7;3.7;4;4.96;5;5;A
367;5;7;0;0;9;30;39;:17:4:22:10;:6:1:44:37:28;;;INGENIERIA CIVIL INDUSTRIAL;6.1;4.4;5.7;5.4;1;6.6;4.6;4.96;5;5;A
371;18;3;0;0;14;17;31;:17:4:26:29:23:0:22:3:42:32:18;:6:1:44;;;INGENIERIA CIVIL INDUSTRIAL;6.6;6.1;6.8;6.5;5.3;1;7;4.99;5;5;A
380;22;1;0;0;15;16;31;:25:17:4:26:29:23:0:22:10:3:42:32:18:35;:6;;;INGENIERIA EN COMPUTACION E INFORMATICA;3.7;6.6;5.5;3.7;6.2;3.7;7;4.99;5;5;A
392;22;4;0;0;18;13;31;:25:17:4:26:29:23:0:22:10:3:42:32:18:35;:6:1:44:38;;;INGENIERIA CIVIL INDUSTRIAL;5.9;6.8;6.6;6.4;5.8;1;7;5.03;5;5;A
412;19;4;0;0;22;17;39;:25:17:4:26:29:23:0:22:10:42:32:18;:6:1:44:38;;;INGENIERIA CIVIL INDUSTRIAL;6.3;6.4;5.9;6.2;5.8;1;7;4.92;5.2;5;A
437;22;2;0;0;21;18;39;:25:17:4:26:29:23:0:22:10:3:42:32:13;:37;;;INGENIERIA CIVIL INFORMATICA;6.3;4.9;5.8;5.7;3.5;4.1;6.3;5.01;5;5;A
71;24;14;0;0;23;8;31;:25:17:4:26:29:23:0:22:10:3:42:32:13:18;:6:1:44:37:28:12:38:2:33;;;INGENIERIA CIVIL INDUSTRIAL;5.2;5.4;4.6;5.1;4.4;5;7;5.14;5.1;5.1;A
100;25;5;0;0;19;12;31;:25:17:4:26:29:23:0:22:10:3:42:7:32:13:18;:6:1:44:28;;;INGENIERIA CIVIL INDUSTRIAL;3.8;5.5;6.2;5.2;6;1;7;4.43;6.6;5.1;A
102;25;7;0;0;18;13;31;:25:17:4:26:29:23:0:22:10:3:7:32:13:18:35;:11:28:21;;;INGENIERIA INDUSTRIAL;6.6;5.2;3.6;5.1;4;4.8;7;5.06;5.1;5.1;A
124;18;5;0;0;16;15;31;:25:17:4:26:23:0:22:10:3:42:32:35;:6:1:44:37;;;INGENIERIA CIVIL INFORMATICA;4.3;6;6.6;5.6;5.8;1;7;4.63;6.1;5.1;A
144;24;0;0;0;14;17;31;:25:17:4:26:29:23:0:22:10:3:32:13:18:35;;;;INGENIERIA CIVIL INFORMATICA;6.8;5.5;6.2;6.2;7;1;7;5.08;5.1;5.1;A
152;18;5;0;0;16;15;31;:25:17:4:26:29:23:0:22:10:3:42:32;:6:1:44:37;;;INGENIERIA CIVIL INDUSTRIAL;6.1;5.9;6.6;6.2;7;1;7;5.1;5.1;5.1;A
154;14;10;0;0;23;16;39;:25:17:4:26:29:23:0:22:10:3;:6:1:44:11:37:38:9;;;INGENIERIA EN COMPUTACION E INFORMATICA;6.3;6.7;5.7;6.2;6.6;1;7;5.05;5.1;5.1;A
210;16;10;0;0;24;15;39;:25:17:4:26:29:23:0:22:10:3:18;:6:1:44:11:37:38:9;;;INGENIERIA EN COMPUTACION E INFORMATICA;6;6.4;6.4;6.3;7;1;7;5.13;5.1;5.1;A
303;23;1;0;0;14;17;31;:25:17:4:26:29:0:22:10:7:32:13:18:35;:44;;;INGENIERIA CIVIL INDUSTRIAL;6.6;5.5;4;5.4;5.9;1;7;4.52;6.6;5.1;A
374;14;5;0;0;13;18;31;:25:17:4:26:22:10:32:18:35;:6:1:44:28;;;INGENIERIA CIVIL INDUSTRIAL;7;4.4;4.9;5.4;1;6.5;6.4;5.12;5.1;5.1;A
410;26;6;0;0;20;11;31;:25:17:4:26:29:23:0:22:10:3:42:32:13:18:35;:6:1:44:28:9;;;INGENIERIA CIVIL INFORMATICA;4.7;5.8;6;5.5;4.5;3.8;7;5.07;5.1;5.1;A
447;7;11;0;0;12;19;31;:25:17:4:26:22;:6:1:44:11:37:28:12;;;INGENIERIA CIVIL INDUSTRIAL;5.9;4.6;4.6;5.9;5;4;7;5.07;5.1;5.1;A
9;14;0;0;0;18;6;24;:25:17:4:26:29:23:0:22:10:3;;;;INGENIERIA CIVIL INDUSTRIAL;5.3;6.1;6;5.8;2;6.4;4.1;5.21;5.2;5.2;A
67;20;3;0;0;16;15;31;:25:17:4:26:29:23:0:22:10:3:42:32:18;:6:1:44;;;INGENIERIA CIVIL INDUSTRIAL;6.8;7;5.9;6.6;4.1;2.5;7;5.22;5.2;5.2;A
114;15;2;0;0;17;38;55;:25:17:26:22:3:42:32:18:35;:6:44;;;INGENIERIA CIVIL INDUSTRIAL;4.4;4.6;5.5;4.8;3;7;5.8;5.19;5.2;5.2;A
125;0;0;0;0;0;0;0;;;;;INGENIERIA EN COMPUTACION E INFORMATICA;5.2;4;3.4;4.2;4;7;7;5.15;5.2;5.2;A
162;20;3;0;0;16;15;31;:25:17:4:26:29:23:0:22:10:3:42:18:35;:6:1:44;;;INGENIERIA EN COMPUTACION E INFORMATICA;6.6;4.9;5.6;5.7;2.5;5;7;5.17;5.2;5.2;A
184;16;4;0;0;20;19;39;:25:17:4:26:23:0:22:10:3:42:18;:1:44:37;;;INGENIERIA EN COMPUTACION E INFORMATICA;5;5.3;6;5.4;4.1;5.1;6.1;5.21;5.2;5.2;A
290;24;14;0;0;23;16;39;:25:17:4:26:29:23:0:22:10:3:42:32:13:18;:6:1:44:37:28:12:38:2:33;;;INGENIERIA CIVIL INDUSTRIAL;5.4;5;5;5.1;4.6;5;7;5.2;5.2;5.2;A
319;19;5;0;0;16;15;31;:17:4:26:29:23:0:22:10:3:32:18:35;:6:1:44:37;;;INGENIERIA CIVIL INFORMATICA;6.2;6.1;6.5;5.8;1.5;2.8;7;4.7;6.2;5.2;A
328;6;1;0;0;5;34;39;:17:26:0:3;:44;;;INGENIERIA INDUSTRIAL;6.4;3.4;4.1;4.6;6;7;2.5;5.21;5.2;5.2;A
368;14;1;0;0;11;20;31;:25:17:4:26:29:23:0:22:10:3;:6;;;INGENIERIA INDUSTRIAL;6.3;4.2;5;5.2;1;7;7;5.18;5.2;5.2;A
442;19;5;0;0;16;15;31;:25:17:4:26:29:0:22:10:3:42:32:35;:6:1:44:37;;;INGENIERIA CIVIL INFORMATICA;6.6;6.4;7;6.7;5.8;1;7;5.15;5.2;5.2;A
454;16;4;0;0;15;16;31;:25:17:4:26:23:0:22:10:3:32:35;:6:1:44:38;;;INGENIERIA CIVIL INFORMATICA;6.4;4.9;4.6;5.3;4;4.8;7;5.15;5.2;5.2;A
58;6;0;0;0;5;26;31;:25:17:4:22:10;;;;INGENIERIA CIVIL INDUSTRIAL;5.9;6.4;4.6;5.6;6;6;1;5.31;5.3;5.3;A
76;12;6;0;0;13;18;31;:25:17:4:26:29:0:22:10;:6:1:44:37:38;;;INGENIERIA CIVIL INDUSTRIAL;6.5;6.6;5.9;6.3;5.1;2.8;6.4;5.26;5.3;5.3;A
92;21;5;0;0;16;15;31;:25:17:4:26:23:0:22:3:42:32:13:35;:1:44:37:12;;;INGENIERIA EN COMPUTACION E INFORMATICA;6.9;7;6.4;6.4;2.9;4.1;6.7;5.46;4.8;5.3;A
93;17;8;0;0;17;22;39;:25:17:4:26:29:23:0:22:3:42:18;:6:44:37:28:12:38;;;INGENIERIA EN COMPUTACION E INFORMATICA;5.6;6.8;4.6;5.7;5;4;7;5.28;5.3;5.3;A
137;18;7;0;0;17;22;39;:25:17:4:26:29:23:0:22:10:3:42:18;:6:1:44:37:28;;;INGENIERIA CIVIL INDUSTRIAL;7;6.6;4.8;6.1;1;5.4;7;5.26;5.3;5.3;A
145;16;7;0;0;16;15;31;:25:17:4:26:29:23:0:22:10:3:42;:6:1:44:37:28;;;INGENIERIA CIVIL INFORMATICA;6.8;6;6.8;6.5;7;1;7;5.26;5.3;5.3;A
160;22;7;0;0;19;12;31;:25:17:4:26:29:23:0:22:10:3:42:32:18:35;:6:1:44:37:28;;;INGENIERIA CIVIL INDUSTRIAL;5.2;5;5.1;5.1;4;5.6;7;5.25;5.3;5.3;A
169;15;5;0;0;15;16;31;:25:17:4:26:29:22:10:3:42:35;:6:1:44:38:9;;;INGENIERIA CIVIL INFORMATICA;5.7;6.2;5.5;5.7;6.4;3;7;5.29;5.3;5.3;A
190;18;7;0;0;17;22;39;:25:17:4:26:29:23:0:22:10:3:42:35;:6:1:44:37:28;;;INGENIERIA EN COMPUTACION E INFORMATICA;5.6;6.5;5.8;6;4;4;7;5.28;5.3;5.3;A
312;22;0;0;0;13;18;31;:25:17:4:26:29:23:0:22:10:3:32:13:18;;;;INGENIERIA CIVIL INDUSTRIAL;6.2;6;5.8;6;5.9;2.8;7;5.28;5.3;5.3;A
363;22;7;0;0;19;12;31;:25:17:4:26:29:23:0:22:10:3:42:32:18:35;:6:1:44:37:28;;;INGENIERIA CIVIL INDUSTRIAL;6.3;5.5;5.8;5.9;5;3.4;7;5.23;5.3;5.3;A
6;18;0;0;0;10;21;31;:25:17:4:26:29:0:22:10:32:13;;;;INGENIERIA EN COMPUTACION E INFORMATICA;6.6;5;5.6;5.7;1.5;6.6;7;5.43;5.4;5.4;A
39;20;3;0;0;16;15;31;:25:17:4:26:29:23:0:22:10:3:42:18:35;:6:1:44;;;INGENIERIA CIVIL INDUSTRIAL;5.7;5.8;5;5.5;2.5;6.3;7;5.4;5.4;5.4;A
53;1;0;0;0;1;30;31;:17;;;;INGENIERIA INDUSTRIAL;6.5;4.2;5.3;5.3;6;6.6;2;5.41;5.4;5.4;A
83;18;8;0;0;17;14;31;:25:17:4:26:29:23:22:42:32:18:35;:6:1:44:37:28:38;;;INGENIERIA CIVIL INDUSTRIAL;6.5;5.6;4.8;5.6;1;6.9;7;5.38;5.4;5.4;A
118;14;6;0;0;20;19;39;:25:17:4:26:23:0:22:10:3:42;:6:44:37:28;;;INGENIERIA EN COMPUTACION E INFORMATICA;5.9;6;5.4;5.8;6.5;4.6;4.3;5.44;5.4;5.4;A
156;20;7;0;0;26;13;39;:25:17:4:26:29:23:0:22:10:3:42:18:35;:6:1:44:37:28;;;INGENIERIA EN COMPUTACION E INFORMATICA;6.6;6.6;6.1;6.4;1;5.2;7;5.36;5.4;5.4;A
168;18;4;0;0;15;16;31;:25:17:4:26:29:23:0:22:10:3:18:35;:1:44:37;;;INGENIERIA CIVIL INFORMATICA;6.8;5.9;4.8;5.8;5.9;3.6;7;5.39;5.4;5.4;A
178;12;6;0;0;13;18;31;:25:17:4:29:23:22:10:3:42;:6:44:37:28;;;INGENIERIA EN COMPUTACION E INFORMATICA;6.8;5.9;6.2;6.2;6;2.7;6.1;5.32;5.7;5.4;A
236;11;4;0;0;11;20;31;:4:29:23:22:3:42:32;:6:1:44:38;;;INGENIERIA CIVIL INFORMATICA;5;3.9;4.3;4.4;5;7;7;5.4;5.4;5.4;A
241;23;6;0;0;17;14;31;:25:17:4:26:29:23:0:22:10:42:32:13:18;:6:44:37:28;;;INGENIERIA EN COMPUTACION E INFORMATICA;6.4;6.2;4.6;5.7;1;6.8;7;5.41;5.4;5.4;A
244;23;13;0;0;23;8;31;:25:17:4:26:29:23:0:22:10:3:42:7:32:18:35;:6:1:44:11:37:28:12:21;;;INGENIERIA CIVIL INFORMATICA;5.7;5;5.4;5.4;7;3.8;7;5.38;5.4;5.4;A
247;20;3;0;0;16;15;31;:25:17:4:26:29:23:0:22:10:3:42:18:35;:6:1:44;;;INGENIERIA CIVIL INDUSTRIAL;5;6.5;5.2;5.9;1;7;7;5.42;5.4;5.4;A
287;0;0;0;0;0;31;31;;;;;INGENIERIA INDUSTRIAL;4.8;6.5;5.7;5.7;1;7;7;5.43;5.4;5.4;A
295;16;7;0;0;16;23;39;:25:17:4:26:29:23:0:22:10:3:42;:6:1:44:37:28;;;INGENIERIA CIVIL INFORMATICA;7;7;6.4;6.8;7;1;7;5.4;5.4;5.4;A
315;18;5;0;0;16;23;39;:25:17:4:26:23:0:22:10:3:42:32:18;:6:1:44:28;;;INGENIERIA CIVIL INDUSTRIAL;6.7;6.6;6.8;6.7;7;1;7;5.35;5.4;5.4;A
318;0;1;0;0;1;30;31;;:1;;;INGENIERIA CIVIL INFORMATICA;6.8;6;6.4;6.4;1;5.4;7;5.4;5.4;5.4;A
327;0;0;0;0;0;31;31;;;;;INGENIERIA CIVIL INDUSTRIAL;5.9;4.2;6.2;5.9;7;5.2;1;5.22;5.8;5.4;A
359;22;3;0;0;17;14;31;:25:17:4:26:29:23:0:22:10:3:42:32:18:35;:6:1:44;;;INGENIERIA CIVIL INDUSTRIAL;6.7;5.2;4.9;5.6;1;6.9;7;5.37;5.4;5.4;A
395;18;7;0;0;17;14;31;:25:17:4:26:29:23:0:22:10:3:32:35;:6:1:44:37:28;;;INGENIERIA EN COMPUTACION E INFORMATICA;6.8;5.2;5;5.7;6;3.9;7;5.41;5.4;5.4;A
404;26;9;0;0;22;9;31;:25:17:4:26:29:23:0:22:10:3:42:32:13:18:35;:6:1:44:37:28:12:38;;;INGENIERIA EN COMPUTACION E INFORMATICA;6;6.3;6;6.1;4;4;7;5.35;5.4;5.4;A
427;24;6;0;0;18;21;39;:25:17:4:26:29:23:22:10:3:42:32:13:18:35;:6:44:37:28;;;INGENIERIA EN COMPUTACION E INFORMATICA;5.3;6.5;5.6;5.8;2.5;5.8;7;5.42;5.4;5.4;A
10;22;0;0;0;19;20;39;:25:17:4:26:29:23:0:22:10:3:42:32:18:35;;;;INGENIERIA EN COMPUTACION E INFORMATICA;5.3;4.9;5.3;5.2;5.5;4.1;4.7;4.9;7;5.5;A
36;23;6;0;0;20;11;31;:25:17:4:26:29:23:0:22:10:3:42:7:32:18:35;:6:1:44:37:38;;;INGENIERIA EN COMPUTACION E INFORMATICA;5.4;6.1;5.8;5.8;6.7;3.5;7;5.46;5.5;5.5;A
42;13;0;0;0;9;15;24;:25:17:4:26:29:0:22:10:3;;;;INGENIERIA EN COMPUTACION E INFORMATICA;2;6.2;5.8;4.7;7;6.9;4;5.51;5.5;5.5;A
45;20;3;0;0;16;15;31;:25:17:4:26:29:23:0:22:10:3:32:18:35;:6:1:44;;;INGENIERIA CIVIL INDUSTRIAL;6.6;6.1;6.3;6.3;1;5.8;7;5.46;5.5;5.5;A
47;13;4;0;0;12;19;31;:25:17:4:26:29:22:10:3:42;:1:44:28;;;INGENIERIA INDUSTRIAL;6.6;7;6;6.5;6;3.5;4.6;5.49;5.5;5.5;A
136;26;5;0;0;19;20;39;:25:17:4:26:29:23:0:22:10:3:42:32:13:18:35;:6:1:44:37;;;INGENIERIA CIVIL INDUSTRIAL;5.8;4.8;5.7;5.4;2;7;7;5.46;5.5;5.5;A
186;23;3;0;0;15;16;31;:25:17:4:26:29:23:0:22:10:32:13:18:35;:6:37;;;INGENIERIA CIVIL INDUSTRIAL;7;5.1;5.9;6;1;6.6;7;5.5;5.5;5.5;A
187;27;0;0;0;16;15;31;:25:17:4:26:29:23:0:22:10:3:42:7:32:13:18:35;;;;INGENIERIA CIVIL INFORMATICA;6.8;7;6.2;6.7;4;3.4;7;5.48;5.5;5.5;A
205;20;0;0;0;13;18;31;:25:17:4:26:29:23:0:22:10:3:32:18:35;;;;INGENIERIA EN COMPUTACION E INFORMATICA;6.7;6.8;6.6;6.7;5.1;2.8;7;5.51;5.5;5.5;A
230;25;3;0;0;18;13;31;:25:17:4:26:29:23:0:22:10:3:42:7:32:13:35;:6:1:44;;;INGENIERIA CIVIL INFORMATICA;6.3;5.7;5.9;6;1;6.8;7;5.53;5.5;5.5;A
256;18;5;0;0;16;15;31;:25:17:4:26:29:23:0:22:10:3:42:32;:6:1:44:37;;;INGENIERIA CIVIL INDUSTRIAL;7;6.4;6.4;6.6;1;5.4;7;5.5;5.5;5.5;A
270;20;2;0;0;14;17;31;:25:17:4:26:29:23:0:22:10:3:42:32:35;:37;;;INGENIERIA CIVIL INDUSTRIAL;6.6;5.8;5.2;5.9;5.3;4.4;7;5.53;5.5;5.5;A
277;10;3;0;0;8;23;31;:4:26:29:23:0:22;:44:28;;;INGENIERIA CIVIL INDUSTRIAL;6;4.9;3.9;4.9;7;6;4.8;5.49;5.5;5.5;A
309;15;3;0;0;10;37;47;:25:17:29:22:3:42:32:13;:44:37;;;INGENIERIA EN COMPUTACION E INFORMATICA;5.5;5;5;5;6.2;5.7;5.8;5.49;5.4;5.5;A
322;0;0;0;0;0;16;16;;;;;INGENIERIA INDUSTRIAL;6.2;6.4;5.8;6.1;7;5;1.6;5.52;5.5;5.5;A
419;18;6;0;0;16;15;31;:25:17:4:26:29:23:22:10:3:42:32:35;:6:44:37:28;;;INGENIERIA EN COMPUTACION E INFORMATICA;6.4;5.6;5.8;5.9;3.5;5.4;7;5.53;5.5;5.5;A
420;19;1;0;0;12;19;31;:17:4:26:29:23:22:10:3:42:32:13;:44;;;INGENIERIA EN COMPUTACION E INFORMATICA;7;6.7;6.7;6.7;5.7;2.5;6.4;5.5;5.5;5.5;A
13;13;0;0;0;9;22;31;:25:17:4:26:0:22:10:3:35;;;;INGENIERIA INDUSTRIAL;5.2;5.1;4.4;4.9;5.5;7;5.6;5.58;5.6;5.6;A
22;27;7;0;0;28;19;47;:25:17:4:26:29:23:0:22:10:3:42:7:32:13:18:35;:6:1:44:37:28;;;INGENIERIA CIVIL INDUSTRIAL;6.2;6.4;6.2;6.3;4;4.8;7;5.63;5.6;5.6;A
60;7;10;0;0;11;20;31;:4:29:23:0:3;:6:1:28:9:2:33;;;INGENIERIA CIVIL INDUSTRIAL;6.1;6.4;5.1;5.9;3.1;6.2;6.1;5.56;5.6;5.6;A
61;18;4;0;0;16;15;31;:25:17:4:26:29:23:0:22:10:3:42:18;:6:1:44:9;;;INGENIERIA CIVIL INDUSTRIAL;7;5.8;6.1;6.3;6.6;3.1;7;5.61;5.6;5.6;A
62;15;3;0;0;12;35;47;:25:17:4:26:23:3:42:32:13;:6:1:44;;;INGENIERIA CIVIL INDUSTRIAL;5.6;7;6.3;6.4;4.5;4;7;5.53;5.6;5.6;A
117;20;4;0;0;16;15;31;:25:17:4:26:29:23:0:22:10:3:42:32:18;:1:44:28;;;INGENIERIA EN COMPUTACION E INFORMATICA;6.8;6.7;5.3;6.3;4;4.5;7;5.56;5.6;5.6;A
159;22;2;0;0;16;15;31;:25:17:4:26:29:23:0:22:10:3:42:32:18:35;:6:1;;;INGENIERIA CIVIL INDUSTRIAL;6.4;5.3;6;6.7;1;7;6.7;5.62;5.6;5.6;A
163;19;5;0;0;16;15;31;:25:17:4:26:29:23:0:22:10:42:18:35;:6:1:44:37;;;INGENIERIA CIVIL INDUSTRIAL;6.6;5.5;6.3;6.1;6;3.8;7;5.61;5.6;5.6;A
181;15;2;0;0;11;20;31;:25:17:4:26:29:23:3:42:18:35;:28;;;INGENIERIA CIVIL INFORMATICA;6.4;6.3;6.1;5.3;6.2;5.5;2.5;5.56;5.6;5.6;A
183;26;5;0;0;19;12;31;:25:17:4:26:29:23:0:22:10:3:42:32:13:18:35;:6:1:44:37;;;INGENIERIA EN COMPUTACION E INFORMATICA;6;6.2;6;6.1;5;4.2;7;5.53;5.6;5.6;A
191;27;13;0;0;25;6;31;:25:17:4:26:29:23:0:22:10:3:42:7:32:13:18:35;:6:1:44:37:28:12:21:38:8;;;INGENIERIA EN COMPUTACION E INFORMATICA;6;6.7;6.5;6;6.7;3.9;7;5.83;5.1;5.6;A
198;22;4;0;0;15;16;31;:25:17:4:26:29:0:22:10:3:7:32:13:35;:44:11;;;INGENIERIA CIVIL INDUSTRIAL;6.4;3.8;4.7;5;6.6;5.6;7;5.57;5.6;5.6;A
252;17;5;0;0;14;17;31;:25:17:4:26:29:22:10:3:42:13;:6:1:44:37;;;INGENIERIA EN COMPUTACION E INFORMATICA;6.9;6.3;6;6.3;2;5.9;7;5.66;5.6;5.6;A
254;22;7;0;0;18;21;39;:25:17:4:26:29:23:0:22:10:3:42:32:13;:6:1:44:37:28;;;INGENIERIA CIVIL INDUSTRIAL;6.8;4.3;6;5.7;7;4.5;5.9;5.61;5.6;5.6;A
337;23;6;0;0;17;14;31;:25:17:4:26:29:23:0:22:3:42:32:13:35;:6:44:37:28;;;INGENIERIA EN COMPUTACION E INFORMATICA;6.5;5.9;5.8;6.1;5.5;4.2;7;5.61;5.6;5.6;A
429;19;3;0;0;15;16;31;:25:17:4:26:29:0:10:3:42:32:18:35;:6:1:44;;;INGENIERIA CIVIL INDUSTRIAL;5.5;6.8;5.5;5.9;6.6;3.8;7;5.6;5.6;5.6;A
430;18;13;0;0;15;16;31;:25:17:4:26:29:0:22:10:32:13;:11:37:28:8:48;;;INGENIERIA CIVIL INDUSTRIAL;6.8;5.5;4;5.4;5.5;5.6;7;5.63;5.6;5.6;A
433;26;6;0;0;19;12;31;:25:17:4:26:29:23:0:22:10:3:42:32:13:18:35;:6:44:37:28;;;INGENIERIA CIVIL INFORMATICA;5.8;5.3;6.1;5.9;5.5;5.5;5;5.58;5.6;5.6;A
441;21;3;0;0;16;15;31;:25:17:4:26:29:0:22:10:3:42:32:18:35;:6:1:44;;;INGENIERIA CIVIL INDUSTRIAL;6;4;5.7;5.2;7;5;7;5.61;5.6;5.6;A
461;23;7;0;0;20;11;31;:25:17:4:26:29:23:0:22:10:3:42:7:32:18:35;:6:1:44:37:28;;;INGENIERIA EN COMPUTACION E INFORMATICA;6.1;6;5.7;5.9;6;4.1;7;5.58;5.6;5.6;A
465;22;2;0;0;15;16;31;:25:17:4:26:29:23:0:22:10:3:42:32:13;:1:44;;;INGENIERIA EN COMPUTACION E INFORMATICA;4;4.8;4.8;4;7;6.9;7;5.67;5.3;5.6;A
32;22;0;0;0;20;27;47;:25:17:4:26:29:23:0:22:10:3:42:32:18:35;;;;INGENIERIA EN COMPUTACION E INFORMATICA;6.6;6.8;5.8;6.4;5;4.5;6.6;5.73;5.7;5.7;A
126;5;0;0;0;4;12;16;:25:17:4:22;;;;INGENIERIA INDUSTRIAL;6.4;5.1;4.2;5.2;6.5;7;4;5.73;5.7;5.7;A
128;17;6;0;0;16;15;31;:25:17:4:26:29:0:22:10:3:42:35;:6:1:44:37:12;;;INGENIERIA EN COMPUTACION E INFORMATICA;5.3;4.8;5.4;5.2;7;5.2;7;5.63;5.7;5.7;A
158;26;3;0;0;26;13;39;:25:17:4:26:29:23:0:22:10:3:42:32:13:18:35;:6:1:44;;;INGENIERIA CIVIL INFORMATICA;5.9;6.3;6;6.1;2;6.8;7;5.73;5.7;5.7;A
164;0;10;0;0;7;24;31;;:6:1:44:37:28:21:9;;;INGENIERIA CIVIL INDUSTRIAL;4.4;6.3;6.4;5.7;5.5;6.4;4;5.67;5.7;5.7;A
188;22;3;0;0;17;14;31;:25:17:4:26:29:23:0:22:10:3:42:32:18:35;:6:44:38;;;INGENIERIA CIVIL INDUSTRIAL;6.2;4.7;3.9;4.9;5.5;6.7;7;5.66;5.7;5.7;A
199;20;0;0;0;19;20;39;:25:17:4:26:29:23:0:22:10:3:42:18:35;;;;INGENIERIA INDUSTRIAL;6.8;6.2;6.8;6.6;5.5;4.1;5.2;5.67;5.7;5.7;A
209;15;2;0;0;11;20;31;:25:17:4:26:29:23:0:3:42:18;:37;;;INGENIERIA EN COMPUTACION E INFORMATICA;6.4;5;6.1;5.8;5.8;6;4.3;5.71;5.7;5.7;A
262;16;8;0;0;17;14;31;:25:17:4:26:29:23:0:22:10:3:42;:6:44:37:28:12:38;;;INGENIERIA CIVIL INDUSTRIAL;5.8;5.8;6.1;5.9;6;4.6;7;5.7;5.7;5.7;A
284;20;3;0;0;16;15;31;:25:17:4:26:29:23:0:22:10:3:42:18:35;:6:1:44;;;INGENIERIA EN COMPUTACION E INFORMATICA;6.6;6.5;6.7;6.6;5;4;7;5.75;5.7;5.7;A
305;22;1;0;0;15;16;31;:25:17:4:26:29:23:0:22:10:3:42:32:18:35;:44;;;INGENIERIA CIVIL INDUSTRIAL;5.7;6.6;6.1;6.1;5.3;4.4;7;5.65;5.7;5.7;A
313;16;6;0;0;15;24;39;:25:17:4:26:29:23:0:22:10:3:42;:6:1:37:28;;;INGENIERIA CIVIL INDUSTRIAL;6.9;5.6;5.9;6.1;2.5;6.3;7;5.71;5.7;5.7;A
331;22;0;0;0;14;10;24;:25:17:4:26:29:23:0:22:10:3:42:32:18:35;;;;INGENIERIA EN COMPUTACION E INFORMATICA;6.4;6.4;5.8;6.2;6.6;3.8;7;5.74;5.7;5.7;A
340;21;7;0;0;19;12;31;:25:17:4:26:29:23:0:22:10:3:42:7:32:18;:6:1:44:37:28;;;INGENIERIA CIVIL INDUSTRIAL;7;5.4;6.2;6.2;1;7;7;5.7;5.7;5.7;A
344;16;5;0;0;15;16;31;:25:17:4:26:29:23:0:22:10:3:42;:6:1:28:12;;;INGENIERIA CIVIL INDUSTRIAL;3.8;5.4;6.8;5.3;6.6;5.5;7;5.72;5.7;5.7;A
401;22;6;0;0;19;12;31;:25:17:4:26:29:23:0:22:10:3:42:32:18:35;:6:1:44:37:38;;;INGENIERIA CIVIL INDUSTRIAL;5.4;5.6;6.8;5.9;2;7;7;5.71;5.7;5.7;A
405;25;0;0;0;15;16;31;:25:17:4:26:29:23:0:22:10:3:42:7:32:13:18;;;;INGENIERIA EN COMPUTACION E INFORMATICA;5.7;6.4;4.7;5.6;6.5;5;7;5.72;5.7;5.7;A
445;27;15;0;0;26;5;31;:25:17:4:26:29:23:0:22:10:3:42:7:32:13:18:35;:6:1:44:11:37:28:12:21:38:9;;;INGENIERIA CIVIL INFORMATICA;6.5;5.6;6.4;6.2;1;7;7;5.68;5.7;5.7;A
452;14;3;0;0;12;19;31;:25:17:4:26:29:0:22:10:35;:6:1:44;;;INGENIERIA INDUSTRIAL;3.2;5;5.5;4.6;6.5;7;7;5.71;5.7;5.7;A
462;27;17;0;0;27;4;31;:25:17:4:26:29:23:0:22:10:3:42:7:32:13:18:35;:6:1:44:11:37:28:12:21:38:8:9;;;INGENIERIA EN COMPUTACION E INFORMATICA;6.6;6.1;6.2;6.3;3.5;5.4;7;5.72;5.7;5.7;A
8;22;3;0;0;15;24;39;:25:17:4:26:23:0:22:10:3:42:32:13:18;:44:28;;;INGENIERIA EN COMPUTACION E INFORMATICA;4.6;4.8;6.4;5.6;4.5;7;7;5.8;5.8;5.8;A
11;12;4;0;0;11;20;31;:17:4:26:29:22:10:3:42;:1:44:28;;;INGENIERIA INDUSTRIAL;6.3;6.4;6.2;6.2;6;6;3.1;5.84;5.8;5.8;A
94;22;6;0;0;15;16;31;:25:17:4:26:29:0:22:10:32:13:18:35;:9:2:33;;;INGENIERIA CIVIL INDUSTRIAL;5;6.1;2.4;4.5;7;7;7;5.75;5.8;5.8;A
153;22;8;0;0;20;19;39;:25:17:4:26:29:23:0:22:10:3:42:32:18:35;:6:1:44:37:28:38;;;INGENIERIA CIVIL INDUSTRIAL;6;5.3;5.8;5.7;3;7;7;5.75;5.8;5.8;A
214;12;3;0;0;10;21;31;:25:17:4:26:23:22:32:35;:44:37;;;INGENIERIA CIVIL INDUSTRIAL;5.6;5.1;6;5.6;6;6.5;5.2;5.83;5.8;5.8;A
229;18;7;0;0;17;14;31;:25:17:4:26:29:23:0:22:10:3:32:35;:6:1:44:37:28;;;INGENIERIA CIVIL INFORMATICA;6.6;5.7;7;6.4;1;7;7;5.81;5.8;5.8;A
239;20;11;0;0;21;10;31;:25:17:4:26:29:23:0:22:10:3:32:18:35;:6:1:44:37:28:12:21:38;;;INGENIERIA EN COMPUTACION E INFORMATICA;7;1;6.8;6.3;6.5;5.7;7;5.73;5.8;5.8;A
249;20;5;0;0;16;15;31;:25:17:4:26:29:23:0:22:10:3:42:32:35;:44:37:28;;;INGENIERIA EN COMPUTACION E INFORMATICA;6.1;4.5;6;5.5;4;7;7;5.81;5.8;5.8;A
250;22;0;0;0;14;17;31;:25:17:4:26:29:23:0:22:10:3:42:32:18:35;;;;INGENIERIA CIVIL INDUSTRIAL;5.6;5.7;6;5.8;3;7;7;5.78;5.8;5.8;A
276;20;0;0;0;21;18;39;:25:17:4:26:29:23:0:22:10:3:42:18:35;;;;INGENIERIA CIVIL INDUSTRIAL;5;6.4;6.5;6;4.9;5.4;7;5.77;5.8;5.8;A
279;20;2;0;0;15;16;31;:25:17:4:26:29:23:0:22:10:3:42:32:18;:6:44;;;INGENIERIA CIVIL INFORMATICA;7;6;6.6;6.3;1;6.8;7;5.78;5.8;5.8;A
285;17;3;0;0;14;25;39;:17:4:26:29:23:0:22:10:3:42:18;:6:1:44;;;INGENIERIA CIVIL INDUSTRIAL;5.6;4.8;5.1;5.2;6;6.8;6.1;5.79;5.8;5.8;A
326;27;6;0;0;20;19;39;:25:17:4:26:29:23:0:22:10:3:42:7:32:13:18:35;:1:44:37:28;;;INGENIERIA CIVIL INDUSTRIAL;6.6;5.8;6;6.1;5.9;4.7;7;5.82;5.8;5.8;A
341;20;3;0;0;16;15;31;:25:17:4:26:29:23:0:22:10:3:42:32:18;:6:1:44;;;INGENIERIA EN COMPUTACION E INFORMATICA;6.8;6.5;5.2;6.5;6.7;3.5;7;5.7;5.9;5.8;A
350;18;2;0;0;14;17;31;:25:17:4:26:23:0:22:10:3:42:18:35;:6:44;;;INGENIERIA CIVIL INDUSTRIAL;4.8;5;4.1;4.6;6.6;7;7;5.75;5.8;5.8;A
358;14;3;0;0;12;27;39;:25:17:26:23:0:3:42:18:35;:1:44:38;;;INGENIERIA CIVIL INDUSTRIAL;4.4;4.8;6.6;5.3;6;6.8;6.1;5.84;5.8;5.8;A
373;15;5;0;0;20;19;39;:25:17:4:26:29:0:22:10:3:42;:6:1:44:37;;;INGENIERIA CIVIL INFORMATICA;6.4;6.7;6.2;6.4;3.5;5.6;7;5.83;5.8;5.8;A
378;17;0;0;0;17;22;39;:25:4:26:29:23:0:22:10:7:18:35;;;;INGENIERIA CIVIL INFORMATICA;6.2;5.6;6.6;6.1;6;5.5;4;5.73;5.8;5.8;A
387;27;2;0;0;18;13;31;:25:17:4:26:29:23:0:22:10:3:42:7:32:13:18:35;:1:38;;;INGENIERIA CIVIL INFORMATICA;5.7;5.9;4.5;5.4;4.5;7;7;5.81;5.8;5.8;A
394;12;0;0;0;8;23;31;:25:17:4:26:29:0:22:10;;;;INGENIERIA EN COMPUTACION E INFORMATICA;6.3;5.6;4.6;5.5;4;7;7;5.8;5.8;5.8;A
397;27;15;0;0;26;5;31;:25:17:4:26:29:23:0:22:10:3:42:7:32:13:18:35;:6:1:44:11:37:28:12:21:38:9;;;INGENIERIA CIVIL INFORMATICA;7;4.1;5.6;5.6;4;7;7;5.83;5.8;5.8;A
411;19;1;0;0;14;17;31;:25:17:4:26:29:23:22:10:3:42:7:32:35;:44;;;INGENIERIA CIVIL INFORMATICA;5.3;6.1;5.1;5.5;4;7;7;5.8;5.8;5.8;A
435;20;6;0;0;17;14;31;:25:17:4:26:29:23:0:22:10:3:42:32:35;:6:44:37:21;;;INGENIERIA CIVIL INFORMATICA;6.2;6.6;6.2;6.3;6.5;3.8;7;5.78;5.8;5.8;A
0;18;3;0;0;15;24;39;:25:17:4:26:29:23:0:22:10:3:42:18;:6:1:44;;;INGENIERIA INDUSTRIAL;6.2;6.8;5.1;6;3.5;7;5.8;5.86;5.9;5.9;A
4;19;2;0;0;13;18;31;:25:17:4:29:23:0:22:3:42:32:13;:1:44;;;INGENIERIA EN COMPUTACION E INFORMATICA;4.6;6.6;4.7;5.3;6.5;6.2;6.7;5.84;6;5.9;A
52;2;11;0;0;7;32;39;:17:4;:1:44:11:37:48;;;INGENIERIA EN COMPUTACION E INFORMATICA;6.1;6.3;5.9;6.1;6.6;5.4;4.6;5.85;5.9;5.9;A
65;12;6;0;0;12;19;31;:25:17:4:29:22:3:42:35;:1:44:37:28;;;INGENIERIA EN COMPUTACION E INFORMATICA;6.8;3.8;5.8;5.5;7;6.6;4.7;5.9;5.9;5.9;A
108;22;6;0;0;26;13;39;:25:17:4:26:29:23:0:22:10:3:42:32:18:35;:6:1:44:28:38;;;INGENIERIA CIVIL INDUSTRIAL;6.2;5.8;5.9;6;5;5.8;7;5.88;5.9;5.9;A
121;20;3;0;0;16;23;39;:25:17:4:26:29:23:0:22:10:3:42:32:18;:6:1:44;;;INGENIERIA CIVIL INDUSTRIAL;6.2;5.6;5.5;5.8;5.5;6;7;5.91;5.9;5.9;A
132;26;5;0;0;19;12;31;:25:17:4:26:29:23:0:22:10:3:42:32:13:18:35;:6:1:44:37;;;INGENIERIA CIVIL INDUSTRIAL;7;6.4;6.5;6.6;5;4.6;7;5.91;5.9;5.9;A
139;27;5;0;0;20;11;31;:25:17:4:26:29:23:0:22:10:3:42:7:32:13:18:35;:6:1:44:28;;;INGENIERIA CIVIL INFORMATICA;6.6;5.1;6.4;6;3;7;7;5.91;5.9;5.9;A
201;20;3;0;0;16;15;31;:25:17:4:26:29:23:0:22:10:3:42:32:35;:6:1:44;;;INGENIERIA CIVIL INDUSTRIAL;7;4.6;5.8;5.8;5;6;7;5.85;5.9;5.9;A
264;22;4;0;0;18;13;31;:25:17:4:26:29:23:0:22:10:3:42:32:18:35;:6:1:44:38;;;INGENIERIA CIVIL INDUSTRIAL;6.7;6.2;6.6;6.5;1.1;7;7;5.86;5.9;5.9;A
304;20;7;0;0;18;13;31;:25:17:4:26:29:23:0:22:10:3:42:32:35;:6:1:44:37:28;;;INGENIERIA EN COMPUTACION E INFORMATICA;7;5.9;6;6.3;4.2;5.5;7;5.85;5.9;5.9;A
324;26;11;0;0;22;9;31;:25:17:4:26:29:0:22:10:3:42:7:32:13:18:35;:6:44:11:37:21:38:9;;;INGENIERIA CIVIL INFORMATICA;6.2;6.6;6;6.3;6;4.8;7;5.93;5.9;5.9;A
364;24;2;0;0;16;15;31;:25:17:4:26:29:23:0:22:10:3:32:13:18:35;:1:44;;;INGENIERIA CIVIL INFORMATICA;6;5.9;5.8;5.9;3.8;6.7;7;5.89;5.9;5.9;A
388;27;12;0;0;25;14;39;:25:17:4:26:29:23:0:22:10:3:42:7:32:13:18:35;:6:1:44:37:28:12:21:38:9;;;INGENIERIA CIVIL INFORMATICA;6.8;6.6;6.3;6.6;1;7;7;5.88;5.9;5.9;A
444;16;11;0;0;22;17;39;:25:17:4:26:29:23:0:22:10:3:42;:6:1:44:37:28:12:38:8;;;INGENIERIA EN COMPUTACION E INFORMATICA;7;6;5.5;6.2;4;5.8;7;5.83;5.9;5.9;A
460;9;7;0;0;13;26;39;:25:17:4:23:22:10:3:7;:6:1:44:37:28;;;INGENIERIA CIVIL INDUSTRIAL;6.3;5.5;5.1;5.6;6;6.5;5.8;5.91;5.9;5.9;A
59;12;8;0;0;15;24;39;:25:17:4:26:29:23:22:10:3;:6:1:44:37:28:12;;;INGENIERIA CIVIL INDUSTRIAL;6.8;5.3;6.4;6.2;6.8;5;6.3;5.98;6;6;A
88;16;7;0;0;16;15;31;:25:17:4:26:29:23:0:22:10:3:32;:6:1:44:37:28;;;INGENIERIA CIVIL INDUSTRIAL;7;4.4;6.8;6.1;6.8;5.4;5.9;5.99;6;6;A
109;23;0;0;0;22;17;39;:25:17:4:26:29:23:0:22:10:3:42:7:32:18:35;;;;INGENIERIA CIVIL INDUSTRIAL;6.8;7;6.6;6.8;5.5;4.5;6.9;6.04;6;6;A
182;22;2;0;0;24;15;39;:25:17:4:26:29:23:0:22:10:3:42:32:18:35;:1:44;;;INGENIERIA CIVIL INDUSTRIAL;7;5.3;6.5;6.3;3;7;7;6.03;6;6;A
192;16;4;0;0;14;17;31;:25:17:4:26:29:22:3:42:32:18;:6:1:44:38;;;INGENIERIA CIVIL INDUSTRIAL;7;6.4;4.7;6;6.1;5.6;6.7;5.99;6;6;A
255;20;4;0;0;16;15;31;:25:17:4:26:29:23:0:22:10:3:42:18:35;:1:28:38;;;INGENIERIA CIVIL INFORMATICA;4.2;6.2;6;5.5;7;6.1;7;6.01;6;6;A
257;26;2;0;0;24;23;47;:25:17:4:26:29:23:0:22:10:3:42:32:13:18:35;:1:44;;;INGENIERIA CIVIL INFORMATICA;6.1;6.3;6.2;6.2;3;7;7;6;6;6;A
317;18;4;0;0;16;15;31;:25:17:4:26:23:0:22:10:3:42:18:35;:6:1:44:38;;;INGENIERIA CIVIL INDUSTRIAL;6.6;5.8;6.4;6.3;3;7;7;6.03;6;6;A
355;19;0;0;0;12;27;39;:25:17:4:26:29:22:10:3:42:32:18:35;;;;INGENIERIA CIVIL INFORMATICA;6.4;4.8;5.2;5.5;7;6;6.7;5.95;6;6;A
357;3;0;0;0;3;13;16;:25:17:4;;;;INGENIERIA CIVIL INFORMATICA;6.2;6.4;5.9;6.4;6;6.2;4;5.96;6;6;A
361;26;3;0;0;25;14;39;:25:17:4:26:29:23:0:22:10:3:42:32:13:18:35;:6:1:44;;;INGENIERIA CIVIL INDUSTRIAL;4.8;5.3;6.2;5.4;5.5;7;7;5.98;6;6;A
382;18;5;0;0;16;15;31;:25:17:4:26:29:23:0:22:10:3:42:18;:6:1:44:28;;;INGENIERIA CIVIL INDUSTRIAL;6.6;6.3;6.4;6.4;7;4;7;5.96;6;6;A
383;27;15;0;0;26;5;31;:25:17:4:26:29:23:0:22:10:3:42:7:32:13:18:35;:6:1:44:11:37:28:12:21:38:9;;;INGENIERIA CIVIL INFORMATICA;6.2;5.2;6.1;5.8;4;7;7;5.96;6;6;A
391;13;0;0;0;15;24;39;:25:17:4:26:29:23:0:22:10;;;;INGENIERIA CIVIL INFORMATICA;5.8;6.8;7;6.5;6.5;4.6;6.4;6.02;6;6;A
396;20;9;0;0;20;11;31;:25:17:4:26:29:23:0:22:10:3:42:32:18;:6:1:44:37:28:12:38;;;INGENIERIA CIVIL INDUSTRIAL;7;6.3;6.6;6.6;7;3.7;7;5.98;6;6;A
436;14;6;0;0;15;16;31;:25:17:4:26:29:23:22:10:3:42;:6:1:44:37:12;;;INGENIERIA CIVIL INFORMATICA;6.3;6.5;6;4.9;6.7;4.8;7;5.86;6.2;6;A
64;22;3;0;0;17;14;31;:25:17:4:26:29:23:0:22:10:3:42:32:18:35;:6:1:44;;;INGENIERIA EN COMPUTACION E INFORMATICA;5.9;4;5.7;5.2;7;7;7;6.1;6.1;6.1;A
74;22;8;0;0;20;11;31;:25:17:4:26:29:23:0:22:10:3:42:32:18:35;:6:1:44:37:28:38;;;INGENIERIA CIVIL INDUSTRIAL;6.8;5.9;6;6.2;6.9;5.1;7;6.12;6.1;6.1;A
79;22;3;0;0;53;17;70;:25:17:4:26:29:23:0:22:10:3:42:32:18:35;:6:1:44;;;INGENIERIA CIVIL INFORMATICA;6.8;6.8;7;5.3;6.3;6.4;3;6.08;6.1;6.1;A
87;21;0;0;0;13;18;31;:25:17:4:26:29:0:22:10:3:42:32:18:35;;;;INGENIERIA INDUSTRIAL;6.4;6.8;6.4;6.5;7;5.6;4;6.11;6.1;6.1;A
95;18;0;0;0;11;20;31;:25:4:26:29:23:22:3:42:32:18:35;;;;INGENIERIA EN COMPUTACION E INFORMATICA;6.6;6.6;6.2;6.2;5.5;6;6.4;6.16;6;6.1;A
113;26;10;0;0;21;10;31;:25:17:4:26:29:23:0:22:10:3:42:32:13:18:35;:6:1:44:11:37:28;;;INGENIERIA EN COMPUTACION E INFORMATICA;6.1;5.3;6;6.1;7;5.2;7;5.98;6.5;6.1;A
115;21;5;0;0;16;23;39;:25:17:4:26:29:0:22:10:3:42:32:13;:6:1:44:37;;;INGENIERIA EN COMPUTACION E INFORMATICA;6.5;5.9;5.8;6.1;6.8;5.4;7;6.1;6.1;6.1;A
119;18;7;0;0;17;14;31;:25:17:4:26:29:23:0:22:10:3:42:18;:6:1:44:37:28;;;INGENIERIA EN COMPUTACION E INFORMATICA;7;6.8;6.6;6.8;6.5;4.6;5.9;6.11;6.1;6.1;A
143;19;3;0;0;15;16;31;:25:17:4:26:29:23:0:10:42:32:18:35;:6:1:44;;;INGENIERIA CIVIL INDUSTRIAL;6.5;5.3;6.3;6;6.9;5.4;7;6.09;6.1;6.1;A
185;21;1;0;0;14;17;31;:25:17:4:26:29:0:22:10:3:42:32:18:35;:1;;;INGENIERIA EN COMPUTACION E INFORMATICA;6.9;6.5;5.3;6.2;6.1;5.6;7;6.12;6.1;6.1;A
213;14;7;0;0;15;32;47;:25:17:4:26:29:23:0:22:10:3;:6:1:44:37:28;;;INGENIERIA CIVIL INDUSTRIAL;7;5.2;5.7;6;7;5.8;5.9;6.07;6.1;6.1;A
253;16;7;0;0;16;15;31;:25:17:4:26:29:23:0:22:10:3:42;:6:1:44:37:28;;;INGENIERIA EN COMPUTACION E INFORMATICA;6.8;6.2;5.4;6.1;6.3;5.7;7;6.13;6.1;6.1;A
258;18;6;0;0;17;14;31;:25:17:4:26:29:23:22:10:3:42:32:18;:6:1:44:28:12;;;INGENIERIA CIVIL INDUSTRIAL;6.6;5.5;7;6.4;5.5;5.5;7;6.08;6.1;6.1;A
267;22;0;0;0;13;18;31;:25:17:4:26:29:23:0:22:10:3:32:13:18;;;;INGENIERIA CIVIL INFORMATICA;6.4;6.8;6.3;6.3;6.2;5;7;6.1;6;6.1;A
298;27;0;0;0;16;15;31;:25:17:4:26:29:23:0:22:10:3:42:7:32:13:18:35;;;;INGENIERIA CIVIL INFORMATICA;6.5;5.5;5.1;5.7;7;6;7;6.1;6.1;6.1;A
307;16;10;0;0;18;13;31;:25:17:4:26:29:23:0:22:10:3:42;:6:1:44:37:28:9:2;;;INGENIERIA EN COMPUTACION E INFORMATICA;6.6;6;5.4;6;6.5;5.5;7;6.05;6.1;6.1;A
342;21;4;0;0;23;16;39;:25:17:4:26:29:0:22:10:3:42:32:18:35;:1:44:28;;;INGENIERIA EN COMPUTACION E INFORMATICA;6.2;6.1;6.4;6.2;5;6.1;7;6.08;6.1;6.1;A
347;18;2;0;0;14;17;31;:25:17:4:26:29:23:0:10:3:42:18:35;:1:44;;;INGENIERIA EN COMPUTACION E INFORMATICA;5.8;5.5;4.3;5.2;7;7;7;6.1;6.1;6.1;A
379;25;3;0;0;18;13;31;:25:17:4:26:29:23:0:22:10:3:42:7:32:13:18;:6:1:44;;;INGENIERIA CIVIL INDUSTRIAL;7;6.7;5.9;6.5;6.5;4.6;7;6.08;6.1;6.1;A
385;27;5;0;0;20;27;47;:25:17:4:26:29:23:0:22:10:3:42:7:32:13:18:35;:6:1:44:28;;;INGENIERIA CIVIL INDUSTRIAL;6.8;6.4;7;6.7;7;4;7;6.11;6.1;6.1;A
415;20;2;0;0;20;19;39;:25:17:4:26:29:23:0:22:10:3:42:32:18;:37;;;INGENIERIA CIVIL INFORMATICA;6.4;6.6;6.8;6.6;6.5;4.6;6.7;6.09;6.1;6.1;A
426;22;8;0;0;20;27;47;:25:17:4:26:29:23:0:22:10:3:42:32:18:35;:6:1:44:37:28:38;;;INGENIERIA EN COMPUTACION E INFORMATICA;6.9;6.5;6.4;6.6;5.5;5.2;7;6.12;6.1;6.1;A
432;25;12;0;0;30;9;39;:25:17:4:26:29:23:0:22:10:3:42:7:32:13:35;:6:1:44:37:28:12:21:38:9;;;INGENIERIA CIVIL INFORMATICA;5;6.2;6.3;5.8;5;7;7;6.11;6.1;6.1;A
443;27;15;0;0;26;18;44;:25:17:4:26:29:23:0:22:10:3:42:7:32:13:18:35;:6:1:44:11:37:28:12:21:38:9;;;INGENIERIA CIVIL INFORMATICA;4.6;6;6.4;6.3;6;6.3;7;6.08;6.1;6.1;A
453;22;5;0;0;17;14;31;:25:17:4:26:29:23:0:22:10:3:42:32:13;:6:1:44:37;;;INGENIERIA EN COMPUTACION E INFORMATICA;7;6.8;6.4;6.7;5;5.2;7;6.11;6.1;6.1;A
25;15;0;0;0;10;21;31;:25:17:4:26:29:23:22:3:42:35;;;;INGENIERIA EN COMPUTACION E INFORMATICA;7;5;6.6;6.2;6.5;7;4;6.22;6.2;6.2;A
73;22;0;0;0;13;26;39;:25:17:4:26:23:0:10:3:42:32:13:18:35;;;;INGENIERIA CIVIL INDUSTRIAL;6.6;6.8;6.1;6.5;6.1;5.5;7;6.24;6.2;6.2;A
97;27;10;0;0;23;24;47;:25:17:4:26:29:23:0:22:10:3:42:7:32:13:18:35;:6:1:44:37:28:12:21;;;INGENIERIA CIVIL INFORMATICA;6.8;6;6.4;6.4;6.5;5.4;7;6.22;6.2;6.2;A
107;25;19;0;0;27;4;31;:25:17:4:26:29:23:0:22:10:3:42:7:32:13:18;:6:1:44:11:37:28:12:21:38:8:9:31;;;INGENIERIA EN COMPUTACION E INFORMATICA;6.8;6.4;6.8;6.7;6;5;7;6.18;6.2;6.2;A
130;22;6;0;0;19;12;31;:25:17:4:26:29:23:0:22:10:3:42:32:18:35;:6:1:44:28:38;;;INGENIERIA CIVIL INDUSTRIAL;5.8;6;6.6;6.1;6;6;7;6.16;6.2;6.2;A
133;27;0;0;0;22;17;39;:25:17:4:26:29:23:0:22:10:3:42:7:32:13:18:35;;;;INGENIERIA CIVIL INDUSTRIAL;7;6;6.5;6.5;5;6;7;6.2;6.2;6.2;A
135;18;16;0;0;38;9;47;:25:17:4:26:29:23:0:22:10:3:42:32;:6:1:44:11:37:28:12:21:38:8;;;INGENIERIA CIVIL INDUSTRIAL;6.6;6.6;6.8;6.7;3;7;7;6.23;6.2;6.2;A
138;15;3;0;0;13;26;39;:25:17:4:23:0:22:10:32:13;:6:1:44;;;INGENIERIA CIVIL INDUSTRIAL;5.8;5.7;6;5.8;5.4;7;7;6.17;6.2;6.2;A
194;20;2;0;0;23;16;39;:25:17:4:26:29:23:0:22:10:3:42:18:35;:1:44;;;INGENIERIA CIVIL INFORMATICA;6.6;5.6;6.6;6.3;6.8;5.5;6.5;6.18;6.2;6.2;A
235;0;0;0;0;0;0;0;;;;;INGENIERIA EN COMPUTACION E INFORMATICA;6.3;5.4;4.7;5.5;6.5;7;7;6.16;6.2;6.2;A
269;11;7;0;0;13;18;31;:25:17:26:23:22:10:3:35;:6:1:44:37:28;;;INGENIERIA CIVIL INDUSTRIAL;7;5.3;5.6;6;6.8;6.5;5.9;6.22;6.2;6.2;A
273;20;3;0;0;16;15;31;:25:17:4:26:29:23:0:22:10:3:42:18:35;:6:44:38;;;INGENIERIA CIVIL INDUSTRIAL;6.7;6;6.2;6.3;4;7;7;6.2;6.2;6.2;A
306;17;3;0;0;13;18;31;:25:17:4:26:29:22:10:3:42:32:18;:6:37;;;INGENIERIA CIVIL INFORMATICA;6.4;6.2;6.2;6.2;7;5.7;6.4;6.24;6.2;6.2;A
365;27;1;0;0;17;14;31;:25:17:4:26:29:23:0:22:10:3:42:7:32:13:18:35;:44;;;INGENIERIA CIVIL INDUSTRIAL;6.2;5.9;6.6;6.2;6;6;7;6.21;6.2;6.2;A
449;20;3;0;0;17;22;39;:25:17:4:26:29:23:0:22:10:3:42:18:35;:44:37;;;INGENIERIA EN COMPUTACION E INFORMATICA;6.7;6.1;5.7;6.2;6.8;5.5;6.7;6.15;6.2;6.2;A
455;22;4;0;0;18;13;31;:25:17:4:26:29:23:0:22:10:3:42:32:18:35;:6:1:44:9;;;INGENIERIA CIVIL INFORMATICA;7;4.9;6;6;7;6;7;6.23;6.2;6.2;A
15;20;1;0;0;14;25;39;:25:17:4:26:29:23:0:22:10:3:42:18:35;:6;;;INGENIERIA CIVIL INDUSTRIAL;6.8;6.5;7;6.8;5.5;6.1;6.3;6.36;6;6.3;A
20;12;0;0;0;8;8;16;:25:17:4:26:29:0:22:10;;;;INGENIERIA EN COMPUTACION E INFORMATICA;6.8;5.9;5.9;6.2;7;6.2;5.8;6.28;6.3;6.3;A
27;14;8;0;0;16;15;31;:25:17:4:26:29:23:0:22:10:3;:1:44:37:28:12:38;;;INGENIERIA INDUSTRIAL;6.3;6.8;6.2;6.4;4.5;7;7;6.33;6.3;6.3;A
50;0;0;0;0;0;0;0;;;;;INGENIERIA INDUSTRIAL;6.6;6.9;6;6.5;6;7;4;6.3;6.3;6.3;A
63;27;16;0;0;26;5;31;:25:17:4:26:29:23:0:22:10:3:42:7:32:13:18:35;:6:1:44:11:37:28:12:21:38:8;;;INGENIERIA EN COMPUTACION E INFORMATICA;7;5.8;6.4;6.4;7;5.4;7;6.3;6.3;6.3;A
66;27;9;0;0;39;8;47;:25:17:4:26:29:23:0:22:10:3:42:7:32:13:18:35;:6:1:44:37:28:12:9;;;INGENIERIA EN COMPUTACION E INFORMATICA;5.6;5.6;6.8;6;7;6.2;7;6.3;6.3;6.3;A
80;27;2;0;0;17;30;47;:25:17:4:26:29:23:0:22:10:3:42:7:32:13:18:35;:28;;;INGENIERIA EN COMPUTACION E INFORMATICA;5.5;6.3;5.6;5.8;6;7;7;6.25;6.3;6.3;A
91;25;10;0;0;20;11;31;:25:17:4:26:29:0:22:10:3:42:32:13:18:35;:6:1:28:9:2:33;;;INGENIERIA CIVIL INDUSTRIAL;5.5;6.3;4.8;5.5;7;7;7;6.26;6.3;6.3;A
120;16;5;0;0;15;16;31;:25:17:4:26:29:23:0:22:10:3:42;:6:1:44:28;;;INGENIERIA CIVIL INFORMATICA;6.2;6.6;6;6.3;4.8;6.9;7;6.28;6.3;6.3;A
217;20;2;0;0;15;16;31;:25:17:4:26:29:23:0:22:10:3:42:18:35;:1:44;;;INGENIERIA CIVIL INDUSTRIAL;7;6.8;6.8;6.9;3;7;7;6.33;6.3;6.3;A
237;23;10;0;0;26;13;39;:25:17:4:26:29:23:0:10:3:42:7:32:13:18;:1:11:37:28:21;;;INGENIERIA CIVIL INFORMATICA;6.8;5.4;6.3;6.1;6.3;6.4;7;6.32;6.3;6.3;A
238;19;4;0;0;15;24;39;:25:17:4:26:29:23:0:22:3:42:32:35;:6:44:37;;;INGENIERIA EN COMPUTACION E INFORMATICA;6.3;6.6;6.3;6.3;7;6.1;7;6.46;5.8;6.3;A
283;23;19;0;0;27;4;31;:25:17:4:26:29:23:0:22:10:3:42:7:32:18:35;:6:1:44:11:37:28:12:21:38:8:9:2;;;INGENIERIA CIVIL INDUSTRIAL;6.4;6;6;6.1;6;6.2;7;6.21;6.6;6.3;A
329;24;6;0;0;27;20;47;:25:17:4:26:29:23:0:22:10:3:42:32:13:18;:6:1:44:37:9;;;INGENIERIA CIVIL INFORMATICA;5.1;6.1;6.8;6;7;6;7;6.25;6.3;6.3;A
375;26;6;0;0;19;12;31;:25:17:4:26:29:23:0:22:10:3:42:32:13:18:35;:6:44:37:28;;;INGENIERIA INDUSTRIAL;6.2;5.9;6.6;6.2;5;7;7;6.31;6.3;6.3;A
376;18;4;0;0;15;16;31;:25:17:4:26:29:23:0:22:10:3:42:18;:6:44:28;;;INGENIERIA CIVIL INDUSTRIAL;7;5.8;6.4;6.4;6;6;7;6.3;6.3;6.3;A
409;20;13;0;0;21;10;31;:25:17:4:26:29:23:0:22:10:3:42:13;:6:1:44:37:28:12:21:38:8;;;INGENIERIA EN COMPUTACION E INFORMATICA;6.4;6.5;6.4;6.4;6;5.8;7;6.26;6.3;6.3;A
416;18;13;0;0;21;18;39;:25:17:4:26:29:23:0:22:10:3:42:32;:6:1:44:37:28:12:21:9:2;;;INGENIERIA CIVIL INFORMATICA;5.8;6.9;6.1;6.3;7;5.6;7;6.28;6.3;6.3;A
463;26;6;0;0;27;12;39;:25:17:4:26:29:0:22:10:3:42:7:32:13:18:35;:6:1:44:37:38;;;INGENIERIA EN COMPUTACION E INFORMATICA;5.5;5.8;5.8;5.7;6.9;6.7;7;6.26;6.3;6.3;A
18;21;14;0;0;23;24;47;:25:17:4:26:29:0:22:10:42:7:32:18:35;:6:1:44:37:28:12:21:38:8:9;;;INGENIERIA CIVIL INDUSTRIAL;6.6;6.6;6.6;6.6;6;6;6.7;6.37;6.4;6.4;A
19;18;4;0;0;14;25;39;:25:17:4:26:29:0:22:3:42:18:35;:6:28:12;;;INGENIERIA INDUSTRIAL;5.7;5.6;6.4;5.9;7;6.6;7;6.35;6.4;6.4;A
43;20;5;0;0;17;14;31;:25:17:4:26:29:23:0:22:10:3:42:32:18;:6:1:44:37;;;INGENIERIA CIVIL INDUSTRIAL;6.6;6.3;6.5;6.5;5;7;7;6.43;6.4;6.4;A
111;27;19;0;0;28;3;31;:25:17:4:26:29:23:0:22:10:3:42:7:32:13:18:35;:6:1:44:11:37:28:12:21:38:8:9:2;;;INGENIERIA EN COMPUTACION E INFORMATICA;5;6.8;6.8;6.2;7;6.1;7;6.37;6.4;6.4;A
189;20;4;0;0;16;15;31;:25:17:4:26:29:23:0:22:10:3:42:18:35;:1:44:37;;;INGENIERIA CIVIL INDUSTRIAL;6.6;7;6.4;6.7;7;5.3;7;6.41;6.4;6.4;A
211;22;5;0;0;18;13;31;:25:17:4:26:29:23:0:22:10:3:42:32:18:35;:6:1:44:37;;;INGENIERIA EN COMPUTACION E INFORMATICA;6.5;6.6;6.6;6.6;6.5;5.8;7;6.41;6.4;6.4;A
228;22;3;0;0;24;15;39;:25:17:4:26:29:23:0:22:10:3:42:32:18:35;:6:1:44;;;INGENIERIA CIVIL INDUSTRIAL;6.6;6.4;6.6;6.5;4.7;6.8;7;6.36;6.4;6.4;A
286;22;8;0;0;27;12;39;:25:17:4:26:29:23:0:22:10:3:42:32:18:35;:6:1:44:37:28:38;;;INGENIERIA CIVIL INDUSTRIAL;5.8;6.4;5.9;6;6.5;6.9;7;6.41;6.4;6.4;A
291;23;9;0;0;19;12;31;:25:17:4:26:29:22:10:3:42:32:13:18:35;:6:1:44:11:28:12;;;INGENIERIA CIVIL INFORMATICA;6.7;5.4;5.4;5.8;7;7;7;6.41;6.4;6.4;A
314;17;3;0;0;14;17;31;:25:17:4:26:29:23:0:3:32:18:35;:6:1:44;;;INGENIERIA CIVIL INFORMATICA;6.6;5.2;5.7;5.8;7;7;7;6.41;6.4;6.4;A
325;22;3;0;0;17;14;31;:25:17:4:26:29:23:0:22:10:3:42:32:18:35;:6:1:44;;;INGENIERIA CIVIL INDUSTRIAL;6.3;6.3;6.6;6.4;5;7;7;6.4;6.4;6.4;A
345;27;3;0;0;27;12;39;:25:17:4:26:29:23:0:22:10:3:42:7:32:13:18:35;:6:1:44;;;INGENIERIA CIVIL INFORMATICA;6.4;5.4;5.5;5.8;7;7;7;6.38;6.4;6.4;A
393;15;6;0;0;15;16;31;:25:17:4:26:29:23:0:22:3:42;:6:1:44:37:12;;;INGENIERIA CIVIL INFORMATICA;7;7;5.9;6.6;7;5.3;7;6.38;6.4;6.4;A
402;22;7;0;0;18;13;31;:25:17:4:26:29:23:0:22:10:3:32:13:35;:6:1:44:37:28;;;INGENIERIA CIVIL INDUSTRIAL;7;6.1;6.2;6.4;6.8;6.5;5.9;6.44;6.4;6.4;A
421;17;3;0;0;14;25;39;:25:17:4:26:29:23:0:22:10:32:18;:37:9;;;INGENIERIA CIVIL INDUSTRIAL;5.2;6.4;6.2;5.9;6.5;7;7;6.38;6.4;6.4;A
424;20;5;0;0;17;14;31;:25:17:4:26:29:23:0:22:10:3:42:32:35;:6:1:44:28;;;INGENIERIA CIVIL INFORMATICA;6.8;6.2;6.6;6.5;7;5.6;7;6.41;6.4;6.4;A
425;18;0;0;0;12;19;31;:25:17:4:26:29:23:0:22:10:3:42:18;;;;INGENIERIA INDUSTRIAL;6.4;6.6;5.1;6;6.5;7;7;6.43;6.4;6.4;A
457;20;19;0;0;24;7;31;:25:17:4:26:29:23:0:22:10:3:42:18:35;:6:1:44:11:37:28:12:38:48:9:2;;;INGENIERIA EN COMPUTACION E INFORMATICA;5.4;6;6.4;5.6;6.8;7;7;6.39;6.4;6.4;A
1;14;0;0;0;10;6;16;:25:17:4:26:29:23:0:22:10:3;;;;INGENIERIA CIVIL INDUSTRIAL;7;6.9;7;7;7;6.4;3.4;6.47;6.5;6.5;A
98;20;2;0;0;14;17;31;:25:17:4:26:29:23:0:22:10:3:42:18:35;:37;;;INGENIERIA CIVIL INFORMATICA;7;6.8;6;6.6;6.9;5.8;7;6.48;6.5;6.5;A
167;20;3;0;0;16;15;31;:25:17:4:26:29:23:0:22:10:3:42:32:18;:6:1:44;;;INGENIERIA CIVIL INDUSTRIAL;6.3;5.5;7;6.3;6.5;6.6;7;6.46;6.5;6.5;A
220;26;2;0;0;19;20;39;:25:17:4:26:29:23:0:22:10:3:42:32:13:18:35;:6:44;;;INGENIERIA CIVIL INDUSTRIAL;4.8;6.8;6.6;6.1;6.8;7;7;6.5;6.5;6.5;A
243;27;15;0;0;26;5;31;:25:17:4:26:29:23:0:22:10:3:42:7:32:13:18:35;:6:1:44:11:37:28:12:21:38:9;;;INGENIERIA CIVIL INFORMATICA;6.2;6.8;6.8;6.6;5;7;7;6.5;6.5;6.5;A
259;22;0;0;0;13;18;31;:25:17:4:26:29:23:0:22:10:3:42:32:13;;;;INGENIERIA CIVIL INFORMATICA;7;6.2;4.5;5.9;7;7;7;6.45;6.5;6.5;A
311;18;3;0;0;23;16;39;:25:17:4:26:29:23:0:22:10:3:42:32;:6:1:44;;;INGENIERIA CIVIL INDUSTRIAL;5.8;5.8;6.8;6.1;6.6;7;7;6.5;6.5;6.5;A
332;23;3;0;0;18;13;31;:25:17:4:26:29:23:0:22:10:3:42:7:32:18:35;:6:1:44;;;INGENIERIA CIVIL INDUSTRIAL;6.6;5.1;6;5.9;7;7;7;6.45;6.5;6.5;A
335;19;2;0;0;14;17;31;:25:17:4:26:29:23:0:22:3:42:32:18;:6:44;;;INGENIERIA CIVIL INDUSTRIAL;7;5.7;5.4;6;7;7;7;6.51;6.5;6.5;A
351;27;3;0;0;19;12;31;:25:17:4:26:29:23:0:22:10:3:42:7:32:13:18:35;:6:1:44;;;INGENIERIA CIVIL INDUSTRIAL;6.6;5.7;5.9;6.1;6.5;7;7;6.46;6.5;6.5;A
398;18;6;0;0;17;15;32;:25:17:4:26:29:23:0:22:10:3:42:35;:6:1:44:28:38;;;INGENIERIA INDUSTRIAL;6.6;6.6;4.7;6;7;7;7;6.48;6.5;6.5;A
399;20;13;0;0;21;18;39;:25:17:4:26:29:23:0:22:10:3:42:32:18;:1:44:37:28:12:38:8:33;;;INGENIERIA CIVIL INDUSTRIAL;6.6;6.7;6.8;6.7;7;5.4;7;6.45;6.5;6.5;A
14;18;3;0;0;17;22;39;:25:17:4:26:29:23:0:22:10:3:42:18;:6:28;;;INGENIERIA EN COMPUTACION E INFORMATICA;7;6.8;6.3;6.7;6.5;6.8;5.3;6.55;6.6;6.6;A
30;16;5;0;0;15;16;31;:25:17:4:26:29:23:0:22:10:3:42;:6:1:44:37;;;INGENIERIA EN COMPUTACION E INFORMATICA;6.8;6.5;6.7;6.7;7;6.2;7;6.63;6.6;6.6;A
48;27;5;0;0;20;11;31;:25:17:4:26:29:23:0:22:10:3:42:7:32:13:18:35;:6:1:44:37;;;INGENIERIA CIVIL INFORMATICA;6.8;7;6.4;7;7;5.7;7;6.57;6.6;6.6;A
55;26;13;0;0;24;7;31;:25:17:4:26:29:23:0:22:10:3:42:32:13:18:35;:6:1:44:37:28:12:21:38:8;;;INGENIERIA EN COMPUTACION E INFORMATICA;7;6.8;6.6;6.8;7;5.8;7;6.6;6.6;6.6;A
78;27;24;0;0;30;1;31;:25:17:4:26:29:23:0:22:10:3:42:7:32:13:18:35;:6:1:44:11:37:28:12:21:38:8:9:2:33:31;;;INGENIERIA EN COMPUTACION E INFORMATICA;6.9;6.8;6.6;6.8;7;5.7;7;6.56;6.6;6.6;A
86;16;8;0;0;17;22;39;:25:17:4:26:29:23:0:22:10:3:42;:6:1:44:37:28:12;;;INGENIERIA CIVIL INFORMATICA;6.8;6.4;5.6;6.3;7;6.9;7;6.61;6.6;6.6;A
129;20;5;0;0;18;13;31;:25:17:4:26:29:23:0:22:10:3:42:32:18;:6:1:44:12:38;;;INGENIERIA CIVIL INDUSTRIAL;6.2;6.1;6.4;6.2;7;7;7;6.61;6.6;6.6;A
146;24;2;0;0;16;15;31;:25:17:4:26:29:23:0:22:10:3:32:13:18:35;:6:1;;;INGENIERIA CIVIL INFORMATICA;6.6;5.7;6.4;6.2;7;7;7;6.61;6.6;6.6;A
174;19;4;0;0;13;18;31;:25:17:4:29:22:10:7:32:13:18:35;:44:11;;;INGENIERIA CIVIL INDUSTRIAL;6.4;6.3;7;6.6;6;6.8;7;6.58;6.6;6.6;A
175;18;6;0;0;17;14;31;:25:17:4:26:29:23:0:22:10:3:42:18;:6:44:28:12:38;;;INGENIERIA INDUSTRIAL;5.7;6.6;6.6;6.3;7;7;6.7;6.62;6.6;6.6;A
215;23;3;0;0;16;15;31;:25:17:4:26:29:23:0:22:10:32:13:18:35;:6:1:44;;;INGENIERIA CIVIL INDUSTRIAL;7;5.7;6.4;6.4;7;6.5;7;6.56;6.6;6.6;A
240;27;2;0;0;32;15;47;:25:17:4:26:29:23:0:22:10:3:42:7:32:13:18:35;:6:1;;;INGENIERIA CIVIL INDUSTRIAL;6.2;6.8;6.2;6.4;6.5;7;7;6.62;6.6;6.6;A
349;20;3;0;0;16;15;31;:25:17:4:26:29:23:0:22:10:3:42:18:35;:6:1:44;;;INGENIERIA CIVIL INFORMATICA;6.5;5.4;7;6.3;7;6.8;7;6.6;6.6;6.6;A
360;16;2;0;0;13;18;31;:25:17:4:26:29:23:0:10:3:32:18;:6:1;;;INGENIERIA CIVIL INFORMATICA;6.6;6.2;6.2;6.3;7;6.8;6.4;6.55;6.6;6.6;A
428;23;3;0;0;18;13;31;:25:17:4:26:29:23:0:22:10:3:42:7:32:18:35;:1:44:38;;;INGENIERIA CIVIL INDUSTRIAL;7;6;7;6.7;5.5;7;7;6.61;6.6;6.6;A
17;27;11;0;0;23;16;39;:25:17:4:26:29:23:0:22:10:3:42:7:32:13:18:35;:6:1:44:11:37:28:12;;;INGENIERIA CIVIL INFORMATICA;6.8;6.8;6.6;6.7;7;6.2;7;6.66;6.7;6.7;A
24;17;0;0;0;12;12;24;:25:17:4:26:29:23:0:10:3:42:7:32;;;;INGENIERIA EN COMPUTACION E INFORMATICA;6.8;6.6;6.8;6.7;7;7;5.7;6.73;6.7;6.7;A
35;27;7;0;0;21;10;31;:25:17:4:26:29:23:0:22:10:3:42:7:32:13:18:35;:6:1:44:37:28;;;INGENIERIA CIVIL INDUSTRIAL;7;5.7;6.2;6.3;7;7;7;6.65;6.7;6.7;A
49;22;0;0;0;14;17;31;:25:17:4:26:29:23:0:22:10:3:42:32:18:35;;;;INGENIERIA CIVIL INDUSTRIAL;6.6;6.2;6.6;6.5;7;7;7;6.73;6.7;6.7;A
68;16;7;0;0;16;23;39;:25:17:4:26:29:23:0:22:10:3:42;:6:1:44:37:28;;;INGENIERIA EN COMPUTACION E INFORMATICA;6.4;6.6;6.2;6.4;7;7;7;6.7;6.7;6.7;A
77;24;14;0;0;23;8;31;:25:17:4:26:29:23:0:22:10:3:42:32:13:18;:6:1:44:11:37:28:12:21:38;;;INGENIERIA CIVIL INFORMATICA;6.3;6.8;6.2;6.4;7;7;7;6.71;6.7;6.7;A
116;22;6;0;0;15;16;31;:25:17:4:26:29:0:22:10:32:13:18:35;:9:2:33;;;INGENIERIA CIVIL INDUSTRIAL;6.6;6.4;6.4;6.5;6.8;7;7;6.7;6.7;6.7;A
127;8;9;0;0;11;20;31;:25:17:4:22:10:35;:6:11:37:28:12;;;INGENIERIA CIVIL INDUSTRIAL;7;6.4;6.6;6.7;7;7;5.5;6.68;6.7;6.7;A
171;17;10;0;0;26;13;39;:25:17:4:26:29:23:0:22:10:3:42:7;:6:1:44:37:28:12:21;;;BACHILLERATO EN CIENCIAS;7;6.2;6;6.4;7;7;7;6.7;6.7;6.7;A
223;24;2;0;0;16;15;31;:25:17:4:26:29:23:0:22:10:3:42:32:13:18;:1:44;;;INGENIERIA EN COMPUTACION E INFORMATICA;6.8;6.2;6.4;6.4;7;6.9;7;6.7;6.7;6.7;A
246;14;13;0;0;18;13;31;:25:17:4:26:29:23:0:22:10:3;:6:1:44:11:37:28:12:21;;;INGENIERIA CIVIL INFORMATICA;6.4;6.6;6.3;6.4;7;7;7;6.71;6.7;6.7;A
248;27;13;0;0;25;6;31;:25:17:4:26:29:23:0:22:10:3:42:7:32:13:18:35;:6:1:44:37:28:12:21:9:2;;;INGENIERIA CIVIL INFORMATICA;6.8;6.1;7;6.6;6;7;7;6.66;6.7;6.7;A
268;23;7;0;0;20;19;39;:25:17:4:26:29:23:0:22:10:3:42:7:32:18:35;:6:1:44:37:28;;;INGENIERIA EN COMPUTACION E INFORMATICA;6.4;6.6;6.5;6.5;6.5;7;7;6.67;6.7;6.7;A
310;16;7;0;0;16;15;31;:25:17:4:26:29:23:0:22:10:3:42;:6:1:44:37:28;;;INGENIERIA CIVIL INDUSTRIAL;7;6.3;6.5;6.6;6;7;7;6.65;6.7;6.7;A
346;19;4;0;0;17;14;31;:25:17:4:26:29:23:0:22:10:3:42:7:32;:6:1:44:38;;;INGENIERIA CIVIL INFORMATICA;7;7;5.3;6.4;7;7;7;6.71;6.7;6.7;A
431;18;11;0;0;19;12;31;:25:17:4:26:29:23:0:22:10:3:42:18;:6:1:44:11:37:28:12;;;INGENIERIA CIVIL INDUSTRIAL;6;7;6;6.4;7;7;7;6.67;6.7;6.7;A
456;20;2;0;0;15;16;31;:25:17:4:26:29:23:0:22:10:3:42:18:35;:6:44;;;INGENIERIA CIVIL INFORMATICA;6.8;5.9;6.8;6.5;6.5;7;7;6.67;6.7;6.7;A
464;27;19;0;0;34;5;39;:25:17:4:26:29:23:0:22:10:3:42:7:32:13:18:35;:6:1:44:11:37:28:12:21:38:8:9:2;;;INGENIERIA CIVIL INFORMATICA;6.8;5.7;6.8;6.4;7;7;7;6.71;6.7;6.7;A
33;24;2;0;0;16;15;31;:25:17:4:26:23:0:22:10:3:42:32:13:18:35;:6:44;;;INGENIERIA CIVIL INDUSTRIAL;6.8;6.3;6.6;6.6;6.8;7;7;6.75;6.8;6.8;A
37;18;7;0;0;17;14;31;:25:17:4:26:29:23:0:22:10:3:42:18;:1:44:37:28:38;;;INGENIERIA CIVIL INFORMATICA;7;5.9;6.8;6.6;7;7;7;6.78;6.8;6.8;A
72;27;17;0;0;27;4;31;:25:17:4:26:29:23:0:22:10:3:42:7:32:13:18:35;:6:1:44:11:37:28:12:21:38:8:9;;;INGENIERIA CIVIL INFORMATICA;6.6;6.4;6.6;6.5;7;7;7;6.76;6.8;6.8;A
82;21;22;0;0;41;6;47;:25:17:4:26:29:23:0:22:10:3:42:7:18:35;:6:1:44:11:37:28:12:38:8:9:2:33:31;;;INGENIERIA CIVIL INFORMATICA;6.8;6.7;6.8;6.8;6.5;7;7;6.81;6.8;6.8;A
204;20;3;0;0;16;15;31;:25:17:4:26:29:23:0:22:10:3:42:18:35;:6:1:44;;;INGENIERIA CIVIL INFORMATICA;6.7;7;6.8;6.8;7;6.6;7;6.81;6.8;6.8;A
221;16;4;0;0;14;17;31;:25:17:4:26:29:23:0:10:3:42:18;:1:44:28;;;INGENIERIA CIVIL INFORMATICA;7;6.8;6.4;6.7;7;6.9;7;6.83;6.8;6.8;A
271;27;4;0;0;20;11;31;:25:17:4:26:29:23:0:22:10:3:42:7:32:13:18:35;:6:1:44:38;;;INGENIERIA CIVIL INDUSTRIAL;6.6;7;6.3;6.3;7;7;7;6.77;6.8;6.8;A
289;27;6;0;0;21;18;39;:25:17:4:26:29:23:0:22:10:3:42:7:32:13:18:35;:6:1:44:37:38;;;INGENIERIA CIVIL INDUSTRIAL;7;6.6;6.4;6.7;7;7;7;6.83;6.8;6.8;A
296;19;7;0;0;17;14;31;:25:17:4:26:29:0:22:10:3:42:32:18;:6:1:44:37:28;;;INGENIERIA CIVIL INDUSTRIAL;6.8;6.4;6.6;6.6;7;6.9;7;6.77;6.8;6.8;A
308;23;10;0;0;23;8;31;:25:17:4:26:29:23:0:22:10:3:42:7:32:18:35;:6:1:44:37:28:12:38:9;;;INGENIERIA CIVIL INFORMATICA;6.8;6.7;6.2;6.6;7;7;7;6.78;6.8;6.8;A
362;19;5;0;0;29;18;47;:25:17:4:26:29:23:0:22:10:3:42:7:35;:6:1:44:28;;;INGENIERIA CIVIL INFORMATICA;7;7;6;6.7;6.5;7;7;6.76;6.8;6.8;A
370;21;10;0;0;22;9;31;:25:17:4:26:29:23:0:22:10:3:42:7:32:18;:6:1:44:37:28:12:38:9;;;INGENIERIA CIVIL INFORMATICA;7;6.8;6.2;6.7;6.5;7;7;6.76;6.8;6.8;A
377;18;7;0;0;17;14;31;:25:17:4:26:29:23:0:22:10:3:42:35;:6:1:44:37:28;;;INGENIERIA CIVIL INDUSTRIAL;6.8;6.5;6.4;6.6;7;7;7;6.78;6.8;6.8;A
407;22;3;0;0;17;22;39;:25:17:4:26:29:23:0:22:10:3:42:32:18:35;:6:1:44;;;INGENIERIA CIVIL INDUSTRIAL;7;6.7;7;6.9;6.3;7;7;6.84;6.8;6.8;A
417;17;6;0;0;24;15;39;:25:17:4:26:29:23:22:10:42:32:35;:6:1:44:37:12;;;INGENIERIA CIVIL INDUSTRIAL;6.8;6.3;6.4;6.5;7;7;7;6.75;6.8;6.8;A
418;15;7;0;0;15;16;31;:25:17:4:26:29:0:22:10:3:42;:6:1:44:37:28;;;INGENIERIA CIVIL INDUSTRIAL;7;6.9;6.6;6.8;6.3;7;7;6.8;6.8;6.8;A
440;20;5;0;0;17;14;31;:25:17:4:26:29:23:0:22:10:3:42:32:18;:6:1:44:28;;;INGENIERIA CIVIL INDUSTRIAL;6.6;7;6.8;6.8;6;7;7;6.75;6.8;6.8;A
458;16;13;0;0;19;20;39;:25:17:4:26:29:23:0:22:10:3:42;:6:44:11:37:28:12:38:8;;;INGENIERIA CIVIL INFORMATICA;7;6.2;6.4;6.5;7;7;7;6.76;6.8;6.8;A
23;27;28;0;0;47;0;47;:25:17:4:26:29:23:0:22:10:3:42:7:32:13:18:35;:6:1:44:11:37:28:12:21:38:8:48:9:2:33:31;;;INGENIERIA INDUSTRIAL;6.8;6.6;7;6.8;7;7;7;6.9;6.9;6.9;A
40;12;10;0;0;15;24;39;:25:17:4:26:29:0:22:10;:6:1:44:37:28:12:8;;;INGENIERIA EN COMPUTACION E INFORMATICA;7;7;7;7;6.5;6.9;7;6.9;6.9;6.9;A
101;21;12;0;0;23;24;47;:25:17:4:26:29:23:0:22:10:3:42:7:18:35;:6:1:44:37:28:12:38:8:9;;;INGENIERIA CIVIL INDUSTRIAL;7;7;7;7;7;6.6;7;6.9;6.9;6.9;A
147;22;3;0;0;16;15;31;:25:17:4:26:29:23:0:22:10:3:42:32:13;:6:1:44;;;INGENIERIA CIVIL INFORMATICA;7;7;6.6;6.9;7;7;7;6.93;6.9;6.9;A
281;16;8;0;0;24;15;39;:25:17:4:26:29:23:0:22:10:3:42;:6:1:44:37:28:12;;;INGENIERIA CIVIL INDUSTRIAL;6.8;7;6.6;6.8;6.9;7;7;6.88;6.9;6.9;A
21;19;2;0;0;15;32;47;:25:17:4:26:29:23:0:22:10:3:42:7:32;:6:44;;;INGENIERIA CIVIL INFORMATICA;7;7;7;7;7;7;7;7;7;7;A
70;21;6;0;0;32;15;47;:25:17:4:26:29:23:0:22:10:3:42:7:32:35;:6:1:44:28:38;;;INGENIERIA CIVIL INFORMATICA;7;7;6.8;6.9;7;7;7;6.96;7;7;A
161;24;3;0;0;17;22;39;:25:17:4:26:29:23:0:22:10:3:42:32:13:18;:6:1:44;;;INGENIERIA CIVIL INFORMATICA;7;7;6.7;6.9;7;7;7;6.95;7;7;A
389;24;0;0;0;16;23;39;:25:17:4:26:29:23:0:22:10:3:42:32:13:18;;;;INGENIERIA CIVIL INFORMATICA;6.9;7;7;7;7;7;7;6.98;7;7;A
406;16;8;0;0;17;14;31;:25:17:4:26:29:23:0:22:10:3:42;:6:1:44:37:28:12;;;INGENIERIA CIVIL INDUSTRIAL;7;7;7;7;7;7;7;7;7;7;A
466;16;10;0;0;18;13;31;:25:17:4:26:29:23:0:22:10:3:42;:6:1:44:37:28:12:21;;;INGENIERIA CIVIL INDUSTRIAL;6.8;7;7;6.9;7;7;7;6.96;7;7;A